# which inertial sample is which camera frame, from the hardware trigger
# frame_period_s=0.011127796  (89.865052247 Hz, measured from this session's own trigger pulses -- the camera does not run at 90.000)
# trigger_pulses=2628  pulses_the_imu_missed=0
# t_bar_s is the exposure time in the BAR's clock, the same clock as esp_timestamp_us in imu/raw_imu.csv
# imu_sample is a row index into imu/raw_imu.csv; tagged=0 means the inertial stream missed that pulse and the time is interpolated
frame,video_row,t_bar_s,imu_sample,tagged
0,0,683.974518,1,1
1,1,683.985654,12,1
2,2,683.996787,23,1
3,3,684.007923,34,1
4,4,684.019060,45,1
5,5,684.030195,56,1
6,6,684.041331,67,1
7,7,684.051453,77,1
8,8,684.062590,88,1
9,9,684.073724,99,1
10,10,684.084859,110,1
11,11,684.095995,121,1
12,12,684.107132,132,1
13,13,684.118267,143,1
14,14,684.129401,154,1
15,15,684.140536,165,1
16,16,684.151672,176,1
17,17,684.162807,187,1
18,18,684.173944,198,1
19,19,684.185079,209,1
20,20,684.196215,220,1
21,21,684.207352,231,1
22,22,684.218486,242,1
23,23,684.229622,253,1
24,24,684.240758,264,1
25,25,684.251893,275,1
26,26,684.263029,286,1
27,27,684.274164,297,1
28,28,684.285298,308,1
29,29,684.296434,319,1
30,30,684.307571,330,1
31,31,684.318704,341,1
32,32,684.329842,352,1
33,33,684.340978,363,1
34,34,684.352111,374,1
35,35,684.363247,385,1
36,36,684.374384,396,1
37,37,684.385518,407,1
38,38,684.396654,418,1
39,39,684.407790,429,1
40,40,684.418924,440,1
41,41,684.430062,451,1
42,42,684.441195,462,1
43,43,684.452332,473,1
44,44,684.463467,484,1
45,45,684.474603,495,1
46,46,684.485738,506,1
47,47,684.496874,517,1
48,48,684.508009,528,1
49,49,684.519145,539,1
50,50,684.530281,550,1
51,51,684.541415,561,1
52,52,684.552552,572,1
53,53,684.563685,583,1
54,54,684.574825,594,1
55,55,684.585959,605,1
56,56,684.597102,616,1
57,57,684.608230,627,1
58,58,684.619364,638,1
59,59,684.630500,649,1
60,60,684.641635,660,1
61,61,684.652770,671,1
62,62,684.663905,682,1
63,63,684.675041,693,1
64,64,684.686178,704,1
65,65,684.697311,715,1
66,66,684.708449,726,1
67,67,684.719583,737,1
68,68,684.730720,748,1
69,69,684.741856,759,1
70,70,684.752989,770,1
71,71,684.764124,781,1
72,72,684.775260,792,1
73,73,684.786396,803,1
74,74,684.797531,814,1
75,75,684.808669,825,1
76,76,684.819804,836,1
77,77,684.830937,847,1
78,78,684.842075,858,1
79,79,684.853209,869,1
80,80,684.864345,880,1
81,81,684.875481,891,1
82,82,684.886617,902,1
83,83,684.897753,913,1
84,84,684.908887,924,1
85,85,684.920022,935,1
86,86,684.931159,946,1
87,87,684.942294,957,1
88,88,684.953429,968,1
89,89,684.964563,979,1
90,90,684.975700,990,1
91,91,684.986835,1001,1
92,92,684.997972,1012,1
93,93,685.009107,1023,1
94,94,685.020243,1034,1
95,95,685.031379,1045,1
96,96,685.042513,1056,1
97,97,685.053649,1067,1
98,98,685.064783,1078,1
99,99,685.075920,1089,1
100,100,685.087057,1100,1
101,101,685.098191,1111,1
102,102,685.109327,1122,1
103,103,685.120461,1133,1
104,104,685.131597,1144,1
105,105,685.142731,1155,1
106,106,685.153869,1166,1
107,107,685.165003,1177,1
108,108,685.176140,1188,1
109,109,685.187276,1199,1
110,110,685.198409,1210,1
111,111,685.209545,1221,1
112,112,685.220680,1232,1
113,113,685.231818,1243,1
114,114,685.242952,1254,1
115,115,685.254100,1265,1
116,116,685.265222,1276,1
117,117,685.276358,1287,1
118,118,685.287493,1298,1
119,119,685.298630,1309,1
120,120,685.309765,1320,1
121,121,685.320900,1331,1
122,122,685.332036,1342,1
123,123,685.343172,1353,1
124,124,685.354306,1364,1
125,125,685.365443,1375,1
126,126,685.376578,1386,1
127,127,685.387714,1397,1
128,128,685.398849,1408,1
129,129,685.409984,1419,1
130,130,685.421119,1430,1
131,131,685.432254,1441,1
132,132,685.443392,1452,1
133,133,685.454525,1463,1
134,134,685.465661,1474,1
135,135,685.476798,1485,1
136,136,685.487933,1496,1
137,137,685.499069,1507,1
138,138,685.510203,1518,1
139,139,685.520328,1528,1
140,140,685.531464,1539,1
141,141,685.542598,1550,1
142,142,685.553734,1561,1
143,143,685.564870,1572,1
144,144,685.576004,1583,1
145,145,685.587141,1594,1
146,146,685.598275,1605,1
147,147,685.609410,1616,1
148,148,685.620546,1627,1
149,149,685.631681,1638,1
150,150,685.642818,1649,1
151,151,685.653952,1660,1
152,152,685.665100,1671,1
153,153,685.676225,1682,1
154,154,685.687360,1693,1
155,155,685.698495,1704,1
156,156,685.709632,1715,1
157,157,685.720767,1725,1
158,158,685.731902,1736,1
159,159,685.743038,1747,1
160,160,685.754174,1758,1
161,161,685.765309,1769,1
162,162,685.776444,1780,1
163,163,685.787579,1791,1
164,164,685.798715,1802,1
165,165,685.809850,1813,1
166,166,685.820984,1824,1
167,167,685.832122,1835,1
168,168,685.843257,1846,1
169,169,685.854393,1857,1
170,170,685.865529,1868,1
171,171,685.876663,1879,1
172,172,685.887798,1890,1
173,173,685.898934,1901,1
174,174,685.910069,1912,1
175,175,685.921204,1923,1
176,176,685.932341,1934,1
177,177,685.943476,1945,1
178,178,685.954610,1956,1
179,179,685.965746,1967,1
180,180,685.976883,1978,1
181,181,685.988017,1989,1
182,182,685.999155,2000,1
183,183,686.010290,2011,1
184,184,686.021423,2022,1
185,185,686.032561,2033,1
186,186,686.043697,2044,1
187,187,686.054831,2055,1
188,188,686.065967,2066,1
189,189,686.077104,2077,1
190,190,686.088238,2088,1
191,191,686.099372,2099,1
192,192,686.110510,2110,1
193,193,686.121643,2121,1
194,194,686.132779,2132,1
195,195,686.143914,2143,1
196,196,686.155049,2154,1
197,197,686.166186,2165,1
198,198,686.177321,2176,1
199,199,686.188458,2187,1
200,200,686.199593,2198,1
201,201,686.210728,2209,1
202,202,686.221863,2220,1
203,203,686.232998,2231,1
204,204,686.244135,2242,1
205,205,686.255271,2253,1
206,206,686.266406,2264,1
207,207,686.277542,2275,1
208,208,686.288678,2286,1
209,209,686.299812,2297,1
210,210,686.310948,2308,1
211,211,686.322082,2319,1
212,212,686.333219,2330,1
213,213,686.344354,2341,1
214,214,686.355488,2352,1
215,215,686.366625,2363,1
216,216,686.377762,2374,1
217,217,686.388895,2385,1
218,218,686.400033,2396,1
219,219,686.411168,2407,1
220,220,686.422301,2418,1
221,221,686.433438,2429,1
222,222,686.444575,2440,1
223,223,686.455710,2451,1
224,224,686.466845,2462,1
225,225,686.477979,2473,1
226,226,686.489114,2484,1
227,227,686.500252,2495,1
228,228,686.511386,2506,1
229,229,686.522523,2517,1
230,230,686.533658,2528,1
231,231,686.544793,2539,1
232,232,686.555930,2550,1
233,233,686.567063,2561,1
234,234,686.578198,2572,1
235,235,686.589334,2583,1
236,236,686.600471,2594,1
237,237,686.611607,2605,1
238,238,686.622742,2616,1
239,239,686.633878,2627,1
240,240,686.645012,2638,1
241,241,686.656147,2649,1
242,242,686.667282,2660,1
243,243,686.678418,2671,1
244,244,686.689553,2682,1
245,245,686.700690,2693,1
246,246,686.711827,2704,1
247,247,686.722960,2715,1
248,248,686.734103,2726,1
249,249,686.745232,2737,1
250,250,686.756368,2748,1
251,251,686.767503,2759,1
252,252,686.778637,2770,1
253,253,686.789773,2781,1
254,254,686.800910,2792,1
255,255,686.812044,2803,1
256,256,686.823179,2814,1
257,257,686.834315,2825,1
258,258,686.845450,2836,1
259,259,686.856587,2847,1
260,260,686.867724,2858,1
261,261,686.878857,2869,1
262,262,686.889994,2880,1
263,263,686.901128,2891,1
264,264,686.912264,2902,1
265,265,686.923400,2913,1
266,266,686.934536,2924,1
267,267,686.945671,2935,1
268,268,686.956807,2946,1
269,269,686.967941,2957,1
270,270,686.978067,2967,1
271,271,686.989200,2978,1
272,272,687.000336,2989,1
273,273,687.011473,3000,1
274,274,687.022608,3011,1
275,275,687.033742,3022,1
276,276,687.044879,3033,1
277,277,687.056014,3044,1
278,278,687.067150,3055,1
279,279,687.078285,3066,1
280,280,687.089419,3077,1
281,281,687.100556,3088,1
282,282,687.111692,3099,1
283,283,687.122828,3110,1
284,284,687.133961,3121,1
285,285,687.145104,3132,1
286,286,687.156235,3143,1
287,287,687.167368,3154,1
288,288,687.178504,3165,1
289,289,687.189639,3176,1
290,290,687.200776,3187,1
291,291,687.211911,3198,1
292,292,687.223047,3209,1
293,293,687.234182,3220,1
294,294,687.245316,3231,1
295,295,687.256454,3242,1
296,296,687.267589,3253,1
297,297,687.278724,3264,1
298,298,687.289859,3275,1
299,299,687.300996,3286,1
300,300,687.312130,3297,1
301,301,687.323265,3308,1
302,302,687.334402,3319,1
303,303,687.345537,3330,1
304,304,687.356673,3341,1
305,305,687.367807,3352,1
306,306,687.378944,3363,1
307,307,687.390080,3374,1
308,308,687.401213,3385,1
309,309,687.412348,3396,1
310,310,687.423484,3407,1
311,311,687.434622,3418,1
312,312,687.445755,3429,1
313,313,687.456893,3440,1
314,314,687.468027,3451,1
315,315,687.479161,3462,1
316,316,687.490299,3473,1
317,317,687.501435,3484,1
318,318,687.512570,3495,1
319,319,687.523704,3506,1
320,320,687.534841,3517,1
321,321,687.545976,3528,1
322,322,687.557110,3539,1
323,323,687.568245,3550,1
324,324,687.579383,3561,1
325,325,687.590516,3572,1
326,326,687.601652,3583,1
327,327,687.612790,3594,1
328,328,687.623925,3605,1
329,329,687.635061,3616,1
330,330,687.646194,3627,1
331,331,687.657331,3638,1
332,332,687.668466,3649,1
333,333,687.679603,3660,1
334,334,687.690736,3671,1
335,335,687.701872,3682,1
336,336,687.713007,3693,1
337,337,687.724143,3704,1
338,338,687.735278,3715,1
339,339,687.746415,3726,1
340,340,687.757549,3737,1
341,341,687.768686,3748,1
342,342,687.779820,3759,1
343,343,687.790955,3770,1
344,344,687.802101,3781,1
345,345,687.813228,3792,1
346,346,687.824363,3803,1
347,347,687.835500,3814,1
348,348,687.846634,3825,1
349,349,687.857771,3836,1
350,350,687.868906,3847,1
351,351,687.880040,3858,1
352,352,687.891175,3869,1
353,353,687.902313,3880,1
354,354,687.913448,3891,1
355,355,687.924582,3902,1
356,356,687.935718,3913,1
357,357,687.946852,3924,1
358,358,687.957988,3935,1
359,359,687.969126,3946,1
360,360,687.980261,3957,1
361,361,687.991396,3968,1
362,362,688.002532,3979,1
363,363,688.013667,3990,1
364,364,688.024801,4001,1
365,365,688.035938,4012,1
366,366,688.047073,4023,1
367,367,688.058209,4034,1
368,368,688.069345,4045,1
369,369,688.080480,4056,1
370,370,688.091615,4067,1
371,371,688.102751,4078,1
372,372,688.113885,4089,1
373,373,688.125023,4100,1
374,374,688.136159,4111,1
375,375,688.147292,4122,1
376,376,688.158428,4133,1
377,377,688.169562,4144,1
378,378,688.180700,4155,1
379,379,688.191833,4166,1
380,380,688.202971,4177,1
381,381,688.214105,4188,1
382,382,688.225240,4199,1
383,383,688.236376,4210,1
384,384,688.247512,4221,1
385,385,688.258647,4232,1
386,386,688.269784,4243,1
387,387,688.280920,4254,1
388,388,688.292055,4265,1
389,389,688.303191,4276,1
390,390,688.314325,4287,1
391,391,688.325462,4298,1
392,392,688.336597,4309,1
393,393,688.347732,4320,1
394,394,688.358867,4331,1
395,395,688.370002,4342,1
396,396,688.381139,4353,1
397,397,688.392272,4364,1
398,398,688.403410,4375,1
399,399,688.414545,4386,1
400,400,688.425679,4397,1
401,401,688.435804,4407,1
402,402,688.446940,4418,1
403,403,688.458075,4429,1
404,404,688.469208,4440,1
405,405,688.480345,4451,1
406,406,688.491481,4462,1
407,407,688.502617,4473,1
408,408,688.513752,4484,1
409,409,688.524886,4495,1
410,410,688.536024,4506,1
411,411,688.547160,4517,1
412,412,688.558294,4528,1
413,413,688.569428,4539,1
414,414,688.580566,4550,1
415,415,688.591701,4561,1
416,416,688.602837,4572,1
417,417,688.613972,4583,1
418,418,688.625109,4594,1
419,419,688.636243,4605,1
420,420,688.647377,4616,1
421,421,688.658515,4627,1
422,422,688.669649,4638,1
423,423,688.680784,4649,1
424,424,688.691919,4660,1
425,425,688.703055,4671,1
426,426,688.714190,4682,1
427,427,688.725325,4693,1
428,428,688.736461,4704,1
429,429,688.747599,4715,1
430,430,688.758733,4726,1
431,431,688.769870,4737,1
432,432,688.781003,4748,1
433,433,688.792141,4759,1
434,434,688.803274,4770,1
435,435,688.814411,4781,1
436,436,688.825546,4792,1
437,437,688.836682,4803,1
438,438,688.847816,4814,1
439,439,688.858953,4825,1
440,440,688.870087,4836,1
441,441,688.881225,4847,1
442,442,688.892358,4858,1
443,443,688.903495,4869,1
444,444,688.914631,4880,1
445,445,688.925766,4891,1
446,446,688.936901,4902,1
447,447,688.948035,4913,1
448,448,688.959171,4924,1
449,449,688.970309,4935,1
450,450,688.981444,4946,1
451,451,688.992577,4957,1
452,452,689.003714,4968,1
453,453,689.014849,4979,1
454,454,689.025985,4990,1
455,455,689.037122,5001,1
456,456,689.048257,5012,1
457,457,689.059393,5023,1
458,458,689.070527,5034,1
459,459,689.081662,5045,1
460,460,689.092797,5056,1
461,461,689.103932,5067,1
462,462,689.115070,5078,1
463,463,689.126205,5089,1
464,464,689.137339,5100,1
465,465,689.148476,5111,1
466,466,689.159610,5122,1
467,467,689.170747,5133,1
468,468,689.181883,5144,1
469,469,689.193016,5155,1
470,470,689.204152,5166,1
471,471,689.215288,5177,1
472,472,689.226423,5188,1
473,473,689.237559,5199,1
474,474,689.248694,5210,1
475,475,689.259831,5221,1
476,476,689.270965,5232,1
477,477,689.282102,5243,1
478,478,689.293238,5254,1
479,479,689.304373,5265,1
480,480,689.315509,5276,1
481,481,689.326644,5287,1
482,482,689.337780,5298,1
483,483,689.348915,5309,1
484,484,689.360049,5320,1
485,485,689.371186,5331,1
486,486,689.382321,5342,1
487,487,689.393458,5353,1
488,488,689.404591,5364,1
489,489,689.415727,5375,1
490,490,689.426862,5386,1
491,491,689.437999,5397,1
492,492,689.449135,5408,1
493,493,689.460271,5419,1
494,494,689.471405,5430,1
495,495,689.482540,5441,1
496,496,689.493677,5452,1
497,497,689.504811,5463,1
498,498,689.515948,5474,1
499,499,689.527083,5485,1
500,500,689.538217,5496,1
501,501,689.549355,5507,1
502,502,689.560488,5518,1
503,503,689.571626,5529,1
504,504,689.582760,5540,1
505,505,689.593894,5551,1
506,506,689.605031,5562,1
507,507,689.616165,5573,1
508,508,689.627303,5584,1
509,509,689.638436,5595,1
510,510,689.649574,5606,1
511,511,689.660710,5617,1
512,512,689.671845,5628,1
513,513,689.682981,5639,1
514,514,689.694116,5650,1
515,515,689.705249,5661,1
516,516,689.716387,5672,1
517,517,689.727521,5683,1
518,518,689.738656,5694,1
519,519,689.749791,5705,1
520,520,689.760927,5716,1
521,521,689.772063,5727,1
522,522,689.783199,5738,1
523,523,689.794333,5749,1
524,524,689.805471,5760,1
525,525,689.816606,5771,1
526,526,689.827741,5782,1
527,527,689.838878,5793,1
528,528,689.850012,5804,1
529,529,689.861148,5815,1
530,530,689.872283,5826,1
531,531,689.883419,5837,1
532,532,689.893542,5847,1
533,533,689.904676,5858,1
534,534,689.915814,5869,1
535,535,689.926949,5880,1
536,536,689.938084,5891,1
537,537,689.949220,5902,1
538,538,689.960356,5913,1
539,539,689.971489,5924,1
540,540,689.982624,5935,1
541,541,689.993760,5946,1
542,542,690.004896,5957,1
543,543,690.016033,5968,1
544,544,690.027166,5979,1
545,545,690.038302,5990,1
546,546,690.049438,6001,1
547,547,690.060574,6012,1
548,548,690.071711,6023,1
549,549,690.082845,6034,1
550,550,690.093981,6045,1
551,551,690.105116,6056,1
552,552,690.116250,6067,1
553,553,690.127387,6078,1
554,554,690.138522,6089,1
555,555,690.149659,6100,1
556,556,690.160793,6111,1
557,557,690.171930,6122,1
558,558,690.183065,6133,1
559,559,690.194201,6144,1
560,560,690.205337,6155,1
561,561,690.216470,6166,1
562,562,690.227608,6177,1
563,563,690.238743,6188,1
564,564,690.249879,6199,1
565,565,690.261014,6210,1
566,566,690.272149,6221,1
567,567,690.283285,6232,1
568,568,690.294419,6243,1
569,569,690.305554,6254,1
570,570,690.316690,6265,1
571,571,690.327826,6276,1
572,572,690.338961,6287,1
573,573,690.350103,6298,1
574,574,690.361234,6309,1
575,575,690.372368,6320,1
576,576,690.383505,6331,1
577,577,690.394640,6342,1
578,578,690.405776,6353,1
579,579,690.416911,6364,1
580,580,690.428046,6375,1
581,581,690.439181,6386,1
582,582,690.450315,6397,1
583,583,690.461451,6408,1
584,584,690.472589,6419,1
585,585,690.483722,6430,1
586,586,690.494858,6441,1
587,587,690.505995,6452,1
588,588,690.517130,6463,1
589,589,690.528264,6474,1
590,590,690.539401,6485,1
591,591,690.550537,6496,1
592,592,690.561672,6507,1
593,593,690.572806,6518,1
594,594,690.583942,6529,1
595,595,690.595077,6540,1
596,596,690.606214,6551,1
597,597,690.617350,6562,1
598,598,690.628483,6573,1
599,599,690.639621,6584,1
600,600,690.650756,6595,1
601,601,690.661891,6606,1
602,602,690.673027,6617,1
603,603,690.684161,6628,1
604,604,690.695299,6639,1
605,605,690.706432,6650,1
606,606,690.717569,6660,1
607,607,690.728705,6671,1
608,608,690.739839,6682,1
609,609,690.750976,6693,1
610,610,690.762110,6704,1
611,611,690.773246,6715,1
612,612,690.784381,6726,1
613,613,690.795516,6737,1
614,614,690.806654,6748,1
615,615,690.817787,6759,1
616,616,690.828925,6770,1
617,617,690.840058,6781,1
618,618,690.851195,6792,1
619,619,690.862332,6803,1
620,620,690.873466,6814,1
621,621,690.884601,6825,1
622,622,690.895737,6836,1
623,623,690.906871,6847,1
624,624,690.918008,6858,1
625,625,690.929143,6869,1
626,626,690.940279,6880,1
627,627,690.951415,6891,1
628,628,690.962549,6902,1
629,629,690.973684,6913,1
630,630,690.984821,6924,1
631,631,690.995957,6935,1
632,632,691.007105,6946,1
633,633,691.018229,6957,1
634,634,691.029361,6968,1
635,635,691.040500,6979,1
636,636,691.051635,6990,1
637,637,691.062769,7001,1
638,638,691.073905,7012,1
639,639,691.085040,7023,1
640,640,691.096174,7034,1
641,641,691.107311,7045,1
642,642,691.118446,7056,1
643,643,691.129582,7067,1
644,644,691.140718,7078,1
645,645,691.151852,7089,1
646,646,691.162990,7100,1
647,647,691.174125,7111,1
648,648,691.185261,7122,1
649,649,691.196396,7133,1
650,650,691.207532,7144,1
651,651,691.218667,7155,1
652,652,691.229801,7166,1
653,653,691.240938,7177,1
654,654,691.252073,7188,1
655,655,691.263208,7199,1
656,656,691.274344,7210,1
657,657,691.285478,7221,1
658,658,691.296614,7232,1
659,659,691.307750,7243,1
660,660,691.318885,7254,1
661,661,691.330021,7265,1
662,662,691.341155,7276,1
663,663,691.351281,7286,1
664,664,691.362415,7297,1
665,665,691.373550,7308,1
666,666,691.384686,7319,1
667,667,691.395822,7330,1
668,668,691.406958,7341,1
669,669,691.418100,7352,1
670,670,691.429227,7363,1
671,671,691.440363,7374,1
672,672,691.451500,7385,1
673,673,691.462634,7396,1
674,674,691.473772,7407,1
675,675,691.484905,7418,1
676,676,691.496042,7429,1
677,677,691.507178,7440,1
678,678,691.518314,7451,1
679,679,691.529449,7462,1
680,680,691.540583,7473,1
681,681,691.551718,7484,1
682,682,691.562853,7495,1
683,683,691.573989,7506,1
684,684,691.585124,7517,1
685,685,691.596260,7528,1
686,686,691.607398,7539,1
687,687,691.618531,7550,1
688,688,691.629666,7561,1
689,689,691.640802,7572,1
690,690,691.651940,7583,1
691,691,691.663074,7594,1
692,692,691.674210,7605,1
693,693,691.685345,7616,1
694,694,691.696481,7627,1
695,695,691.707617,7638,1
696,696,691.718752,7649,1
697,697,691.729888,7660,1
698,698,691.741024,7671,1
699,699,691.752159,7682,1
700,700,691.763292,7693,1
701,701,691.774428,7704,1
702,702,691.785565,7715,1
703,703,691.796701,7726,1
704,704,691.807835,7737,1
705,705,691.818972,7748,1
706,706,691.830108,7759,1
707,707,691.841242,7770,1
708,708,691.852378,7781,1
709,709,691.863514,7792,1
710,710,691.874648,7803,1
711,711,691.885784,7814,1
712,712,691.896920,7825,1
713,713,691.908057,7836,1
714,714,691.919192,7847,1
715,715,691.930325,7858,1
716,716,691.941462,7869,1
717,717,691.952598,7880,1
718,718,691.963733,7891,1
719,719,691.974867,7902,1
720,720,691.986004,7913,1
721,721,691.997138,7924,1
722,722,692.008274,7935,1
723,723,692.019409,7946,1
724,724,692.030546,7957,1
725,725,692.041682,7968,1
726,726,692.052817,7979,1
727,727,692.063953,7990,1
728,728,692.075100,8001,1
729,729,692.086224,8012,1
730,730,692.097358,8023,1
731,731,692.108495,8034,1
732,732,692.119630,8045,1
733,733,692.130766,8056,1
734,734,692.141899,8067,1
735,735,692.153035,8078,1
736,736,692.164172,8089,1
737,737,692.175308,8100,1
738,738,692.186443,8111,1
739,739,692.197579,8122,1
740,740,692.208712,8133,1
741,741,692.219850,8144,1
742,742,692.230985,8155,1
743,743,692.242119,8166,1
744,744,692.253254,8177,1
745,745,692.264392,8188,1
746,746,692.275527,8199,1
747,747,692.286663,8210,1
748,748,692.297798,8221,1
749,749,692.308932,8232,1
750,750,692.320068,8243,1
751,751,692.331204,8254,1
752,752,692.342339,8265,1
753,753,692.353476,8276,1
754,754,692.364610,8287,1
755,755,692.375747,8298,1
756,756,692.386881,8309,1
757,757,692.398018,8320,1
758,758,692.409152,8331,1
759,759,692.420289,8342,1
760,760,692.431423,8353,1
761,761,692.442559,8364,1
762,762,692.453694,8375,1
763,763,692.464830,8386,1
764,764,692.475964,8397,1
765,765,692.487104,8408,1
766,766,692.498238,8419,1
767,767,692.509373,8430,1
768,768,692.520507,8441,1
769,769,692.531644,8452,1
770,770,692.542780,8463,1
771,771,692.553913,8474,1
772,772,692.565048,8485,1
773,773,692.576184,8496,1
774,774,692.587322,8507,1
775,775,692.598455,8518,1
776,776,692.609592,8529,1
777,777,692.620728,8540,1
778,778,692.631861,8551,1
779,779,692.642999,8562,1
780,780,692.654134,8573,1
781,781,692.665269,8584,1
782,782,692.676406,8595,1
783,783,692.687540,8606,1
784,784,692.698675,8617,1
785,785,692.709810,8628,1
786,786,692.720946,8639,1
787,787,692.732083,8650,1
788,788,692.743218,8661,1
789,789,692.754354,8672,1
790,790,692.765490,8683,1
791,791,692.776623,8694,1
792,792,692.787760,8705,1
793,793,692.798894,8716,1
794,794,692.809019,8726,1
795,795,692.820154,8737,1
796,796,692.831290,8748,1
797,797,692.842424,8759,1
798,798,692.853559,8770,1
799,799,692.864695,8781,1
800,800,692.875832,8792,1
801,801,692.886965,8803,1
802,802,692.898104,8814,1
803,803,692.909237,8825,1
804,804,692.920372,8836,1
805,805,692.931509,8847,1
806,806,692.942645,8858,1
807,807,692.953779,8869,1
808,808,692.964916,8880,1
809,809,692.976051,8891,1
810,810,692.987187,8902,1
811,811,692.998321,8913,1
812,812,693.009457,8924,1
813,813,693.020592,8935,1
814,814,693.031728,8946,1
815,815,693.042864,8957,1
816,816,693.053999,8968,1
817,817,693.065136,8979,1
818,818,693.076271,8990,1
819,819,693.087407,9001,1
820,820,693.098542,9012,1
821,821,693.109678,9023,1
822,822,693.120811,9034,1
823,823,693.131949,9045,1
824,824,693.143083,9056,1
825,825,693.154219,9067,1
826,826,693.165353,9078,1
827,827,693.176489,9089,1
828,828,693.187624,9100,1
829,829,693.198761,9111,1
830,-1,693.209898,9122,1
831,830,693.221031,9133,1
832,831,693.232166,9144,1
833,832,693.243301,9155,1
834,833,693.254437,9166,1
835,834,693.265573,9177,1
836,835,693.276708,9188,1
837,836,693.287844,9199,1
838,837,693.298980,9210,1
839,838,693.310115,9221,1
840,839,693.321252,9232,1
841,840,693.332386,9243,1
842,841,693.343523,9254,1
843,842,693.354659,9265,1
844,843,693.365792,9276,1
845,844,693.376930,9287,1
846,845,693.388065,9298,1
847,846,693.399199,9309,1
848,847,693.410334,9320,1
849,848,693.421471,9331,1
850,849,693.432605,9342,1
851,850,693.443743,9353,1
852,851,693.454877,9364,1
853,852,693.466012,9375,1
854,853,693.477149,9386,1
855,854,693.488285,9397,1
856,855,693.499420,9408,1
857,856,693.510555,9419,1
858,857,693.521691,9430,1
859,858,693.532825,9441,1
860,859,693.543960,9452,1
861,860,693.555103,9463,1
862,861,693.566231,9474,1
863,862,693.577369,9485,1
864,863,693.588502,9496,1
865,864,693.599639,9507,1
866,865,693.610776,9518,1
867,866,693.621911,9529,1
868,867,693.633046,9540,1
869,868,693.644182,9551,1
870,869,693.655317,9562,1
871,870,693.666453,9573,1
872,871,693.677587,9584,1
873,872,693.688722,9595,1
874,873,693.699857,9606,1
875,874,693.710993,9617,1
876,875,693.722130,9628,1
877,876,693.733264,9639,1
878,877,693.744401,9650,1
879,878,693.755537,9661,1
880,879,693.766673,9672,1
881,880,693.777806,9683,1
882,881,693.788943,9694,1
883,882,693.800078,9705,1
884,883,693.811212,9716,1
885,884,693.822348,9727,1
886,885,693.833485,9738,1
887,886,693.844619,9749,1
888,887,693.855755,9760,1
889,888,693.866892,9771,1
890,889,693.878027,9782,1
891,890,693.889163,9793,1
892,891,693.900296,9804,1
893,892,693.911433,9815,1
894,893,693.922569,9826,1
895,894,693.933704,9837,1
896,895,693.944839,9848,1
897,896,693.955976,9859,1
898,897,693.967112,9870,1
899,898,693.978246,9881,1
900,899,693.989382,9892,1
901,900,694.000517,9903,1
902,901,694.011652,9914,1
903,902,694.022788,9925,1
904,903,694.033922,9936,1
905,904,694.045060,9947,1
906,905,694.056195,9958,1
907,906,694.067329,9969,1
908,907,694.078467,9980,1
909,908,694.089600,9991,1
910,909,694.100736,10002,1
911,910,694.111871,10013,1
912,911,694.123008,10024,1
913,912,694.134142,10035,1
914,913,694.145278,10046,1
915,914,694.156413,10057,1
916,915,694.167551,10068,1
917,916,694.178685,10079,1
918,917,694.189822,10090,1
919,918,694.200956,10101,1
920,919,694.212100,10112,1
921,920,694.223228,10123,1
922,921,694.234363,10134,1
923,922,694.245497,10145,1
924,923,694.256634,10156,1
925,924,694.266758,10166,1
926,925,694.277891,10177,1
927,926,694.289029,10188,1
928,927,694.300164,10199,1
929,928,694.311300,10210,1
930,929,694.322435,10221,1
931,930,694.333570,10232,1
932,931,694.344704,10243,1
933,932,694.355840,10254,1
934,933,694.366977,10265,1
935,934,694.378111,10276,1
936,935,694.389248,10287,1
937,936,694.400383,10298,1
938,937,694.411519,10309,1
939,938,694.422654,10320,1
940,939,694.433788,10331,1
941,940,694.444925,10342,1
942,941,694.456060,10353,1
943,942,694.467197,10364,1
944,943,694.478330,10375,1
945,944,694.489466,10386,1
946,945,694.500603,10397,1
947,946,694.511739,10408,1
948,947,694.522874,10419,1
949,948,694.534008,10430,1
950,949,694.545144,10441,1
951,950,694.556281,10452,1
952,951,694.567414,10463,1
953,952,694.578549,10474,1
954,953,694.589687,10485,1
955,954,694.600822,10496,1
956,955,694.611958,10507,1
957,956,694.623103,10518,1
958,957,694.634228,10529,1
959,958,694.645365,10540,1
960,959,694.656500,10551,1
961,960,694.667634,10562,1
962,961,694.678769,10573,1
963,962,694.689904,10584,1
964,963,694.701040,10595,1
965,964,694.712177,10606,1
966,965,694.723312,10617,1
967,966,694.734447,10628,1
968,967,694.745582,10639,1
969,968,694.756718,10650,1
970,969,694.767854,10661,1
971,970,694.778991,10672,1
972,971,694.790124,10683,1
973,972,694.801262,10694,1
974,973,694.812397,10705,1
975,974,694.823532,10716,1
976,975,694.834666,10727,1
977,976,694.845802,10738,1
978,977,694.856939,10749,1
979,978,694.868073,10760,1
980,979,694.879208,10771,1
981,980,694.890346,10782,1
982,981,694.901480,10793,1
983,982,694.912617,10804,1
984,983,694.923752,10815,1
985,984,694.934887,10826,1
986,985,694.946023,10837,1
987,986,694.957159,10848,1
988,987,694.968292,10859,1
989,988,694.979428,10870,1
990,989,694.990565,10881,1
991,990,695.001699,10892,1
992,991,695.012835,10903,1
993,992,695.023971,10914,1
994,993,695.035106,10925,1
995,994,695.046241,10936,1
996,995,695.057377,10947,1
997,996,695.068513,10958,1
998,997,695.079647,10969,1
999,998,695.090784,10980,1
1000,999,695.101920,10991,1
1001,1000,695.113054,11002,1
1002,1001,695.124191,11013,1
1003,1002,695.135324,11024,1
1004,1003,695.146462,11035,1
1005,1004,695.157595,11046,1
1006,1005,695.168734,11057,1
1007,1006,695.179868,11068,1
1008,1007,695.191004,11079,1
1009,1008,695.202139,11090,1
1010,1009,695.213274,11101,1
1011,1010,695.224411,11112,1
1012,1011,695.235547,11123,1
1013,1012,695.246681,11134,1
1014,1013,695.257817,11145,1
1015,1014,695.268951,11156,1
1016,1015,695.280086,11167,1
1017,1016,695.291222,11178,1
1018,1017,695.302360,11189,1
1019,1018,695.313495,11200,1
1020,1019,695.324631,11211,1
1021,1020,695.335764,11222,1
1022,1021,695.346900,11233,1
1023,1022,695.358034,11244,1
1024,1023,695.369171,11255,1
1025,1024,695.380307,11266,1
1026,1025,695.391443,11277,1
1027,1026,695.402577,11288,1
1028,1027,695.413714,11299,1
1029,1028,695.424850,11310,1
1030,1029,695.435985,11321,1
1031,1030,695.447118,11332,1
1032,1031,695.458254,11343,1
1033,1032,695.469392,11354,1
1034,1033,695.480527,11365,1
1035,1034,695.491660,11376,1
1036,1035,695.502798,11387,1
1037,1036,695.513934,11398,1
1038,1037,695.525070,11409,1
1039,1038,695.536204,11420,1
1040,1039,695.547340,11431,1
1041,1040,695.558475,11442,1
1042,1041,695.569611,11453,1
1043,1042,695.580744,11464,1
1044,1043,695.591880,11475,1
1045,1044,695.603017,11486,1
1046,1045,695.614152,11497,1
1047,1046,695.625289,11508,1
1048,1047,695.636422,11519,1
1049,1048,695.647557,11530,1
1050,1049,695.658694,11541,1
1051,1050,695.669830,11552,1
1052,1051,695.680964,11563,1
1053,1052,695.692105,11574,1
1054,1053,695.703236,11585,1
1055,1054,695.714372,11596,1
1056,1055,695.725507,11606,1
1057,1056,695.735631,11616,1
1058,1057,695.746765,11627,1
1059,1058,695.757900,11638,1
1060,-1,695.769038,11649,1
1061,1059,695.780174,11660,1
1062,1060,695.791307,11671,1
1063,1061,695.802444,11682,1
1064,1062,695.813579,11693,1
1065,1063,695.824715,11704,1
1066,1064,695.835851,11715,1
1067,1065,695.846986,11726,1
1068,1066,695.858121,11737,1
1069,1067,695.869257,11748,1
1070,1068,695.880392,11759,1
1071,1069,695.891529,11770,1
1072,1070,695.902662,11781,1
1073,1071,695.913798,11792,1
1074,1072,695.924933,11803,1
1075,1073,695.936070,11814,1
1076,1074,695.947204,11825,1
1077,1075,695.958341,11836,1
1078,1076,695.969475,11847,1
1079,1077,695.980612,11858,1
1080,1078,695.991746,11869,1
1081,1079,696.002882,11880,1
1082,1080,696.014019,11891,1
1083,1081,696.025155,11902,1
1084,1082,696.036289,11913,1
1085,1083,696.047423,11924,1
1086,1084,696.058559,11935,1
1087,1085,696.069697,11946,1
1088,1086,696.080831,11957,1
1089,1087,696.091965,11968,1
1090,1088,696.103102,11979,1
1091,1089,696.114239,11990,1
1092,1090,696.125373,12001,1
1093,1091,696.136508,12012,1
1094,1092,696.147644,12023,1
1095,1093,696.158779,12034,1
1096,1094,696.169916,12045,1
1097,1095,696.181050,12056,1
1098,1096,696.192185,12067,1
1099,1097,696.203321,12078,1
1100,1098,696.214457,12089,1
1101,1099,696.225593,12100,1
1102,1100,696.236729,12111,1
1103,1101,696.247865,12122,1
1104,1102,696.258998,12133,1
1105,1103,696.270135,12144,1
1106,1104,696.281269,12155,1
1107,1105,696.292406,12166,1
1108,1106,696.303541,12177,1
1109,1107,696.314676,12188,1
1110,1108,696.325811,12199,1
1111,1109,696.336947,12210,1
1112,1110,696.348084,12221,1
1113,1111,696.359219,12232,1
1114,1112,696.370353,12243,1
1115,1113,696.381488,12254,1
1116,1114,696.392625,12265,1
1117,1115,696.403760,12276,1
1118,1116,696.414896,12287,1
1119,1117,696.426030,12298,1
1120,1118,696.437168,12309,1
1121,1119,696.448302,12320,1
1122,1120,696.459439,12331,1
1123,1121,696.470574,12342,1
1124,1122,696.481710,12353,1
1125,1123,696.492846,12364,1
1126,1124,696.503981,12375,1
1127,1125,696.515115,12386,1
1128,1126,696.526251,12397,1
1129,1127,696.537385,12408,1
1130,1128,696.548523,12419,1
1131,1129,696.559659,12430,1
1132,1130,696.570792,12441,1
1133,1131,696.581929,12452,1
1134,1132,696.593063,12463,1
1135,1133,696.604200,12474,1
1136,1134,696.615334,12485,1
1137,1135,696.626472,12496,1
1138,1136,696.637605,12507,1
1139,1137,696.648742,12518,1
1140,1138,696.659876,12529,1
1141,1139,696.671011,12540,1
1142,1140,696.682149,12551,1
1143,1141,696.693284,12562,1
1144,1142,696.704418,12573,1
1145,1143,696.715555,12584,1
1146,1144,696.726689,12595,1
1147,1145,696.737826,12606,1
1148,1146,696.748960,12617,1
1149,1147,696.760105,12628,1
1150,1148,696.771231,12639,1
1151,1149,696.782366,12650,1
1152,1150,696.793502,12661,1
1153,1151,696.804640,12672,1
1154,1152,696.815774,12683,1
1155,1153,696.826911,12694,1
1156,1154,696.838046,12705,1
1157,1155,696.849182,12716,1
1158,1156,696.860316,12727,1
1159,1157,696.871450,12738,1
1160,1158,696.882587,12749,1
1161,1159,696.893722,12760,1
1162,1160,696.904859,12771,1
1163,1161,696.915994,12782,1
1164,1162,696.927130,12793,1
1165,1163,696.938265,12804,1
1166,1164,696.949401,12815,1
1167,1165,696.960536,12826,1
1168,1166,696.971671,12837,1
1169,1167,696.982807,12848,1
1170,1168,696.993943,12859,1
1171,1169,697.005076,12870,1
1172,1170,697.016212,12881,1
1173,1171,697.027350,12892,1
1174,1172,697.038485,12903,1
1175,1173,697.049620,12914,1
1176,1174,697.060754,12925,1
1177,1175,697.071892,12936,1
1178,1176,697.083026,12947,1
1179,1177,697.094163,12958,1
1180,1178,697.105296,12969,1
1181,1179,697.116433,12980,1
1182,1180,697.127569,12991,1
1183,1181,697.138705,13002,1
1184,1182,697.149840,13013,1
1185,1183,697.160974,13024,1
1186,1184,697.172111,13035,1
1187,1185,697.183246,13046,1
1188,1186,697.193370,13056,1
1189,1187,697.204503,13067,1
1190,1188,697.215641,13078,1
1191,1189,697.226774,13089,1
1192,1190,697.237912,13100,1
1193,1191,697.249048,13111,1
1194,1192,697.260183,13122,1
1195,1193,697.271318,13133,1
1196,1194,697.282453,13144,1
1197,1195,697.293589,13155,1
1198,1196,697.304723,13166,1
1199,1197,697.315860,13177,1
1200,1198,697.326995,13188,1
1201,1199,697.338129,13199,1
1202,1200,697.349266,13210,1
1203,1201,697.360400,13221,1
1204,1202,697.371538,13232,1
1205,1203,697.382673,13243,1
1206,1204,697.393809,13254,1
1207,1205,697.404942,13265,1
1208,1206,697.416079,13276,1
1209,1207,697.427215,13287,1
1210,1208,697.438351,13298,1
1211,1209,697.449484,13309,1
1212,1210,697.460622,13320,1
1213,1211,697.471757,13331,1
1214,1212,697.482892,13342,1
1215,1213,697.494028,13353,1
1216,1214,697.505164,13364,1
1217,1215,697.516298,13375,1
1218,1216,697.527435,13386,1
1219,1217,697.538571,13397,1
1220,1218,697.549705,13408,1
1221,1219,697.560841,13419,1
1222,1220,697.571975,13430,1
1223,1221,697.583111,13441,1
1224,1222,697.594246,13452,1
1225,1223,697.605382,13463,1
1226,1224,697.616517,13474,1
1227,1225,697.627653,13485,1
1228,1226,697.638788,13496,1
1229,1227,697.649926,13507,1
1230,1228,697.661060,13518,1
1231,1229,697.672197,13529,1
1232,1230,697.683330,13540,1
1233,1231,697.694465,13551,1
1234,1232,697.705603,13562,1
1235,1233,697.716737,13573,1
1236,1234,697.727874,13584,1
1237,1235,697.739008,13595,1
1238,1236,697.750143,13606,1
1239,1237,697.761279,13617,1
1240,1238,697.772416,13628,1
1241,1239,697.783552,13639,1
1242,1240,697.794686,13650,1
1243,1241,697.805822,13661,1
1244,1242,697.816957,13672,1
1245,1243,697.828101,13683,1
1246,1244,697.839227,13694,1
1247,1245,697.850363,13705,1
1248,1246,697.861498,13716,1
1249,1247,697.872633,13727,1
1250,1248,697.883769,13738,1
1251,1249,697.894906,13749,1
1252,1250,697.906042,13760,1
1253,1251,697.917178,13771,1
1254,1252,697.928312,13782,1
1255,1253,697.939446,13793,1
1256,1254,697.950583,13804,1
1257,1255,697.961719,13815,1
1258,1256,697.972854,13826,1
1259,1257,697.983990,13837,1
1260,1258,697.995126,13848,1
1261,1259,698.006262,13859,1
1262,1260,698.017396,13870,1
1263,1261,698.028533,13881,1
1264,1262,698.039667,13892,1
1265,1263,698.050804,13903,1
1266,1264,698.061939,13914,1
1267,1265,698.073073,13925,1
1268,1266,698.084210,13936,1
1269,1267,698.095345,13947,1
1270,1268,698.106479,13958,1
1271,1269,698.117616,13969,1
1272,1270,698.128751,13980,1
1273,1271,698.139888,13991,1
1274,1272,698.151021,14002,1
1275,1273,698.162157,14013,1
1276,1274,698.173293,14024,1
1277,1275,698.184428,14035,1
1278,1276,698.195565,14046,1
1279,1277,698.206699,14057,1
1280,1278,698.217836,14068,1
1281,1279,698.228969,14079,1
1282,1280,698.240108,14090,1
1283,1281,698.251242,14101,1
1284,1282,698.262378,14112,1
1285,1283,698.273513,14123,1
1286,1284,698.284649,14134,1
1287,1285,698.295785,14145,1
1288,1286,698.306918,14156,1
1289,1287,698.318054,14167,1
1290,1288,698.329190,14178,1
1291,1289,698.340326,14189,1
1292,1290,698.351462,14200,1
1293,1291,698.362597,14211,1
1294,1292,698.373733,14222,1
1295,1293,698.384868,14233,1
1296,1294,698.396003,14244,1
1297,1295,698.407139,14255,1
1298,1296,698.418274,14266,1
1299,1297,698.429410,14277,1
1300,1298,698.440545,14288,1
1301,1299,698.451681,14299,1
1302,1300,698.462818,14310,1
1303,1301,698.473952,14321,1
1304,1302,698.485086,14332,1
1305,1303,698.496224,14343,1
1306,1304,698.507359,14354,1
1307,1305,698.518494,14365,1
1308,1306,698.529629,14376,1
1309,1307,698.540766,14387,1
1310,1308,698.551901,14398,1
1311,1309,698.563035,14409,1
1312,1310,698.574171,14420,1
1313,1311,698.585308,14431,1
1314,1312,698.596441,14442,1
1315,1313,698.607579,14453,1
1316,1314,698.618712,14464,1
1317,1315,698.629848,14475,1
1318,1316,698.640983,14486,1
1319,1317,698.651107,14496,1
1320,1318,698.662244,14507,1
1321,1319,698.673379,14518,1
1322,1320,698.684515,14529,1
1323,1321,698.695649,14540,1
1324,1322,698.706785,14551,1
1325,1323,698.717921,14562,1
1326,1324,698.729057,14573,1
1327,1325,698.740190,14584,1
1328,1326,698.751327,14595,1
1329,1327,698.762461,14606,1
1330,1328,698.773598,14617,1
1331,1329,698.784732,14628,1
1332,1330,698.795868,14639,1
1333,1331,698.807005,14650,1
1334,1332,698.818141,14661,1
1335,1333,698.829276,14672,1
1336,1334,698.840412,14683,1
1337,1335,698.851547,14694,1
1338,1336,698.862683,14705,1
1339,1337,698.873819,14716,1
1340,1338,698.884954,14727,1
1341,1339,698.896105,14738,1
1342,1340,698.907224,14749,1
1343,1341,698.918358,14760,1
1344,1342,698.929494,14771,1
1345,1343,698.940631,14782,1
1346,1344,698.951765,14793,1
1347,1345,698.962900,14804,1
1348,1346,698.974038,14815,1
1349,1347,698.985173,14826,1
1350,1348,698.996309,14837,1
1351,1349,699.007445,14848,1
1352,1350,699.018578,14859,1
1353,1351,699.029715,14870,1
1354,1352,699.040849,14881,1
1355,1353,699.051986,14892,1
1356,1354,699.063122,14903,1
1357,1355,699.074258,14914,1
1358,1356,699.085391,14925,1
1359,1357,699.096528,14936,1
1360,1358,699.107662,14947,1
1361,1359,699.118800,14958,1
1362,1360,699.129934,14969,1
1363,1361,699.141071,14980,1
1364,1362,699.152204,14991,1
1365,1363,699.163342,15002,1
1366,1364,699.174477,15013,1
1367,1365,699.185612,15024,1
1368,1366,699.196748,15035,1
1369,1367,699.207883,15046,1
1370,1368,699.219019,15057,1
1371,1369,699.230155,15068,1
1372,1370,699.241288,15079,1
1373,1371,699.252424,15090,1
1374,1372,699.263560,15101,1
1375,1373,699.274696,15112,1
1376,1374,699.285831,15123,1
1377,1375,699.296966,15134,1
1378,1376,699.308103,15145,1
1379,1377,699.319238,15156,1
1380,1378,699.330372,15167,1
1381,1379,699.341510,15178,1
1382,1380,699.352645,15189,1
1383,1381,699.363780,15200,1
1384,1382,699.374916,15211,1
1385,1383,699.386052,15222,1
1386,1384,699.397185,15233,1
1387,1385,699.408320,15244,1
1388,1386,699.419458,15255,1
1389,1387,699.430592,15266,1
1390,1388,699.441729,15277,1
1391,1389,699.452862,15288,1
1392,1390,699.464000,15299,1
1393,1391,699.475134,15310,1
1394,1392,699.486270,15321,1
1395,1393,699.497406,15332,1
1396,1394,699.508541,15343,1
1397,1395,699.519677,15354,1
1398,1396,699.530812,15365,1
1399,1397,699.541948,15376,1
1400,1398,699.553082,15387,1
1401,1399,699.564220,15398,1
1402,1400,699.575354,15409,1
1403,1401,699.586490,15420,1
1404,1402,699.597625,15431,1
1405,1403,699.608761,15442,1
1406,1404,699.619897,15453,1
1407,1405,699.631032,15464,1
1408,1406,699.642168,15475,1
1409,1407,699.653304,15486,1
1410,1408,699.664438,15497,1
1411,1409,699.675574,15508,1
1412,1410,699.686709,15519,1
1413,1411,699.697846,15530,1
1414,1412,699.708980,15541,1
1415,1413,699.720114,15552,1
1416,1414,699.731252,15563,1
1417,1415,699.742385,15574,1
1418,1416,699.753522,15585,1
1419,1417,699.764657,15596,1
1420,1418,699.775794,15607,1
1421,1419,699.786930,15618,1
1422,1420,699.798063,15629,1
1423,1421,699.809200,15640,1
1424,1422,699.820336,15651,1
1425,1423,699.831472,15662,1
1426,1424,699.842606,15673,1
1427,1425,699.853743,15684,1
1428,1426,699.864876,15695,1
1429,1427,699.876014,15706,1
1430,1428,699.887147,15717,1
1431,1429,699.898282,15728,1
1432,1430,699.909418,15739,1
1433,1431,699.920556,15750,1
1434,1432,699.931689,15761,1
1435,1433,699.942826,15772,1
1436,1434,699.953962,15783,1
1437,1435,699.965108,15794,1
1438,1436,699.976233,15805,1
1439,1437,699.987369,15816,1
1440,1438,699.998502,15827,1
1441,1439,700.009640,15838,1
1442,1440,700.020775,15849,1
1443,1441,700.031910,15860,1
1444,1442,700.043046,15871,1
1445,1443,700.054182,15882,1
1446,1444,700.065316,15893,1
1447,1445,700.076452,15904,1
1448,1446,700.087589,15915,1
1449,1447,700.098724,15926,1
1450,1448,700.108846,15936,1
1451,1449,700.119982,15947,1
1452,1450,700.131118,15958,1
1453,1451,700.142254,15969,1
1454,1452,700.153387,15980,1
1455,1453,700.164525,15991,1
1456,1454,700.175660,16002,1
1457,1455,700.186794,16013,1
1458,1456,700.197930,16024,1
1459,1457,700.209067,16035,1
1460,1458,700.220202,16046,1
1461,1459,700.231338,16057,1
1462,1460,700.242473,16068,1
1463,1461,700.253606,16079,1
1464,1462,700.264744,16090,1
1465,1463,700.275880,16101,1
1466,1464,700.287013,16112,1
1467,1465,700.298151,16123,1
1468,1466,700.309284,16134,1
1469,1467,700.320419,16145,1
1470,1468,700.331557,16156,1
1471,1469,700.342691,16167,1
1472,1470,700.353826,16178,1
1473,1471,700.364963,16189,1
1474,1472,700.376104,16200,1
1475,1473,700.387235,16211,1
1476,1474,700.398369,16222,1
1477,1475,700.409503,16233,1
1478,1476,700.420640,16244,1
1479,1477,700.431777,16255,1
1480,1478,700.442910,16266,1
1481,1479,700.454047,16277,1
1482,1480,700.465181,16288,1
1483,1481,700.476318,16299,1
1484,1482,700.487455,16310,1
1485,1483,700.498589,16321,1
1486,1484,700.509723,16332,1
1487,1485,700.520860,16343,1
1488,1486,700.531995,16354,1
1489,1487,700.543131,16365,1
1490,1488,700.554267,16376,1
1491,1489,700.565401,16387,1
1492,1490,700.576538,16398,1
1493,1491,700.587672,16409,1
1494,1492,700.598810,16420,1
1495,1493,700.609944,16431,1
1496,1494,700.621080,16442,1
1497,1495,700.632214,16453,1
1498,1496,700.643351,16464,1
1499,1497,700.654485,16475,1
1500,1498,700.665622,16486,1
1501,1499,700.676756,16497,1
1502,1500,700.687893,16508,1
1503,1501,700.699028,16519,1
1504,1502,700.710163,16530,1
1505,1503,700.721300,16540,1
1506,1504,700.732434,16551,1
1507,1505,700.743571,16562,1
1508,1506,700.754706,16573,1
1509,1507,700.765842,16584,1
1510,1508,700.776977,16595,1
1511,1509,700.788113,16606,1
1512,1510,700.799248,16617,1
1513,1511,700.810384,16628,1
1514,1512,700.821519,16639,1
1515,1513,700.832655,16650,1
1516,1514,700.843788,16661,1
1517,1515,700.854923,16672,1
1518,1516,700.866060,16683,1
1519,1517,700.877194,16694,1
1520,1518,700.888330,16705,1
1521,1519,700.899467,16716,1
1522,1520,700.910603,16727,1
1523,1521,700.921738,16738,1
1524,1522,700.932872,16749,1
1525,1523,700.944007,16760,1
1526,-1,700.955143,16771,1
1527,1524,700.966281,16782,1
1528,1525,700.977414,16793,1
1529,1526,700.988552,16804,1
1530,1527,700.999687,16815,1
1531,1528,701.010823,16826,1
1532,1529,701.021958,16837,1
1533,1530,701.033102,16848,1
1534,1531,701.044228,16859,1
1535,1532,701.055364,16870,1
1536,1533,701.066500,16881,1
1537,1534,701.077635,16892,1
1538,1535,701.088771,16903,1
1539,1536,701.099907,16914,1
1540,1537,701.111040,16925,1
1541,1538,701.122178,16936,1
1542,1539,701.133314,16947,1
1543,1540,701.144447,16958,1
1544,1541,701.155584,16969,1
1545,1542,701.166719,16980,1
1546,1543,701.177856,16991,1
1547,1544,701.188991,17002,1
1548,1545,701.200126,17013,1
1549,1546,701.211261,17024,1
1550,1547,701.222395,17035,1
1551,1548,701.233533,17046,1
1552,1549,701.244667,17057,1
1553,1550,701.255803,17068,1
1554,1551,701.266939,17079,1
1555,1552,701.278073,17090,1
1556,1553,701.289210,17101,1
1557,1554,701.300346,17112,1
1558,1555,701.311479,17123,1
1559,1556,701.322615,17134,1
1560,1557,701.333750,17145,1
1561,1558,701.344887,17156,1
1562,1559,701.356021,17167,1
1563,1560,701.367158,17178,1
1564,1561,701.378294,17189,1
1565,1562,701.389429,17200,1
1566,1563,701.400565,17211,1
1567,1564,701.411701,17222,1
1568,1565,701.422836,17233,1
1569,1566,701.433971,17244,1
1570,1567,701.445107,17255,1
1571,1568,701.456241,17266,1
1572,1569,701.467379,17277,1
1573,1570,701.478512,17288,1
1574,1571,701.489649,17299,1
1575,1572,701.500784,17310,1
1576,1573,701.511918,17321,1
1577,1574,701.523057,17332,1
1578,1575,701.534191,17343,1
1579,1576,701.545325,17354,1
1580,1577,701.556463,17365,1
1581,1578,701.566586,17375,1
1582,1579,701.577721,17386,1
1583,1580,701.588856,17397,1
1584,1581,701.599992,17408,1
1585,1582,701.611128,17419,1
1586,1583,701.622262,17430,1
1587,1584,701.633399,17441,1
1588,1585,701.644534,17452,1
1589,1586,701.655668,17463,1
1590,1587,701.666806,17474,1
1591,1588,701.677939,17485,1
1592,1589,701.689076,17496,1
1593,1590,701.700211,17507,1
1594,1591,701.711347,17518,1
1595,1592,701.722482,17529,1
1596,1593,701.733617,17540,1
1597,1594,701.744753,17551,1
1598,1595,701.755889,17562,1
1599,1596,701.767025,17573,1
1600,1597,701.778160,17584,1
1601,1598,701.789296,17595,1
1602,1599,701.800431,17606,1
1603,1600,701.811567,17617,1
1604,1601,701.822703,17628,1
1605,1602,701.833837,17639,1
1606,1603,701.844973,17650,1
1607,1604,701.856107,17661,1
1608,1605,701.867244,17672,1
1609,1606,701.878379,17683,1
1610,1607,701.889513,17694,1
1611,1608,701.900650,17705,1
1612,1609,701.911787,17716,1
1613,1610,701.922920,17727,1
1614,1611,701.934058,17738,1
1615,1612,701.945193,17749,1
1616,1613,701.956328,17760,1
1617,1614,701.967463,17771,1
1618,1615,701.978599,17782,1
1619,1616,701.989735,17793,1
1620,1617,702.000869,17804,1
1621,1618,702.012004,17815,1
1622,1619,702.023139,17826,1
1623,1620,702.034277,17837,1
1624,1621,702.045412,17848,1
1625,1622,702.056547,17859,1
1626,1623,702.067681,17870,1
1627,1624,702.078817,17881,1
1628,1625,702.089954,17892,1
1629,1626,702.101099,17903,1
1630,1627,702.112226,17914,1
1631,1628,702.123361,17925,1
1632,1629,702.134496,17936,1
1633,1630,702.145630,17947,1
1634,1631,702.156765,17958,1
1635,1632,702.167902,17969,1
1636,1633,702.179037,17980,1
1637,1634,702.190174,17991,1
1638,1635,702.201309,18002,1
1639,1636,702.212444,18013,1
1640,1637,702.223579,18024,1
1641,1638,702.234714,18035,1
1642,1639,702.245850,18046,1
1643,1640,702.256985,18057,1
1644,1641,702.268123,18068,1
1645,1642,702.279256,18079,1
1646,1643,702.290392,18090,1
1647,1644,702.301529,18101,1
1648,1645,702.312664,18112,1
1649,1646,702.323800,18123,1
1650,1647,702.334934,18134,1
1651,1648,702.346070,18145,1
1652,1649,702.357204,18156,1
1653,1650,702.368340,18167,1
1654,1651,702.379476,18178,1
1655,-1,702.390611,18189,1
1656,1652,702.401749,18200,1
1657,1653,702.412884,18211,1
1658,1654,702.424017,18222,1
1659,1655,702.435153,18233,1
1660,1656,702.446290,18244,1
1661,1657,702.457425,18255,1
1662,1658,702.468561,18266,1
1663,1659,702.479696,18277,1
1664,1660,702.490831,18288,1
1665,1661,702.501968,18299,1
1666,1662,702.513103,18310,1
1667,1663,702.524237,18321,1
1668,1664,702.535374,18332,1
1669,1665,702.546509,18343,1
1670,1666,702.557645,18354,1
1671,1667,702.568780,18365,1
1672,1668,702.579915,18376,1
1673,1669,702.591053,18387,1
1674,1670,702.602188,18398,1
1675,1671,702.613323,18409,1
1676,1672,702.624457,18420,1
1677,1673,702.635592,18431,1
1678,1674,702.646730,18442,1
1679,1675,702.657865,18453,1
1680,1676,702.669001,18464,1
1681,1677,702.680136,18475,1
1682,1678,702.691271,18486,1
1683,1679,702.702407,18497,1
1684,1680,702.713543,18508,1
1685,1681,702.724676,18519,1
1686,1682,702.735812,18530,1
1687,1683,702.746947,18541,1
1688,1684,702.758084,18552,1
1689,1685,702.769218,18563,1
1690,1686,702.780355,18574,1
1691,1687,702.791490,18585,1
1692,1688,702.802625,18596,1
1693,1689,702.813762,18607,1
1694,1690,702.824896,18618,1
1695,1691,702.836033,18629,1
1696,1692,702.847168,18640,1
1697,1693,702.858304,18651,1
1698,1694,702.869438,18662,1
1699,1695,702.880575,18673,1
1700,1696,702.891710,18684,1
1701,1697,702.902846,18695,1
1702,1698,702.913981,18706,1
1703,1699,702.925117,18717,1
1704,1700,702.936253,18728,1
1705,1701,702.947388,18739,1
1706,1702,702.958523,18750,1
1707,1703,702.969659,18761,1
1708,1704,702.980794,18772,1
1709,1705,702.991930,18783,1
1710,1706,703.003067,18794,1
1711,1707,703.014201,18805,1
1712,1708,703.024325,18815,1
1713,1709,703.035458,18826,1
1714,1710,703.046593,18837,1
1715,1711,703.057729,18848,1
1716,1712,703.068866,18859,1
1717,1713,703.080001,18870,1
1718,1714,703.091137,18881,1
1719,1715,703.102271,18892,1
1720,1716,703.113406,18903,1
1721,1717,703.124544,18914,1
1722,1718,703.135678,18925,1
1723,1719,703.146813,18936,1
1724,1720,703.157950,18947,1
1725,1721,703.169086,18958,1
1726,1722,703.180221,18969,1
1727,1723,703.191357,18980,1
1728,1724,703.202493,18991,1
1729,1725,703.213627,19002,1
1730,1726,703.224761,19013,1
1731,1727,703.235897,19024,1
1732,1728,703.247032,19035,1
1733,1729,703.258168,19046,1
1734,1730,703.269303,19057,1
1735,1731,703.280441,19068,1
1736,1732,703.291577,19079,1
1737,1733,703.302712,19090,1
1738,1734,703.313848,19101,1
1739,1735,703.324982,19112,1
1740,1736,703.336117,19123,1
1741,1737,703.347254,19134,1
1742,1738,703.358390,19145,1
1743,1739,703.369525,19156,1
1744,1740,703.380658,19167,1
1745,1741,703.391794,19178,1
1746,1742,703.402931,19189,1
1747,1743,703.414068,19200,1
1748,1744,703.425203,19211,1
1749,1745,703.436336,19222,1
1750,1746,703.447474,19233,1
1751,1747,703.458609,19244,1
1752,1748,703.469744,19255,1
1753,1749,703.480878,19266,1
1754,1750,703.492015,19277,1
1755,1751,703.503151,19288,1
1756,1752,703.514286,19299,1
1757,1753,703.525422,19310,1
1758,1754,703.536558,19321,1
1759,1755,703.547693,19332,1
1760,1756,703.558829,19343,1
1761,1757,703.569964,19354,1
1762,1758,703.581104,19365,1
1763,1759,703.592234,19376,1
1764,1760,703.603371,19387,1
1765,1761,703.614506,19398,1
1766,1762,703.625639,19409,1
1767,1763,703.636776,19420,1
1768,1764,703.647910,19431,1
1769,1765,703.659048,19442,1
1770,1766,703.670184,19453,1
1771,1767,703.681318,19464,1
1772,1768,703.692455,19475,1
1773,1769,703.703590,19486,1
1774,1770,703.714726,19497,1
1775,1771,703.725859,19508,1
1776,1772,703.736997,19519,1
1777,1773,703.748130,19530,1
1778,1774,703.759268,19541,1
1779,1775,703.770403,19552,1
1780,1776,703.781539,19563,1
1781,1777,703.792672,19574,1
1782,1778,703.803808,19585,1
1783,1779,703.814945,19596,1
1784,1780,703.826078,19607,1
1785,1781,703.837214,19618,1
1786,1782,703.848350,19629,1
1787,1783,703.859487,19640,1
1788,1784,703.870621,19651,1
1789,1785,703.881757,19662,1
1790,1786,703.892893,19673,1
1791,1787,703.904029,19684,1
1792,1788,703.915164,19695,1
1793,1789,703.926300,19706,1
1794,1790,703.937434,19717,1
1795,1791,703.948571,19728,1
1796,1792,703.959705,19739,1
1797,1793,703.970840,19750,1
1798,1794,703.981977,19761,1
1799,1795,703.993114,19772,1
1800,1796,704.004247,19783,1
1801,1797,704.015385,19794,1
1802,1798,704.026518,19805,1
1803,1799,704.037656,19816,1
1804,1800,704.048791,19827,1
1805,1801,704.059924,19838,1
1806,1802,704.071061,19849,1
1807,1803,704.082198,19860,1
1808,1804,704.093333,19871,1
1809,1805,704.104468,19882,1
1810,1806,704.115604,19893,1
1811,1807,704.126740,19904,1
1812,1808,704.137874,19915,1
1813,1809,704.149009,19926,1
1814,1810,704.160144,19937,1
1815,1811,704.171279,19948,1
1816,1812,704.182417,19959,1
1817,1813,704.193552,19970,1
1818,1814,704.204686,19981,1
1819,1815,704.215823,19992,1
1820,1816,704.226957,20003,1
1821,1817,704.238101,20014,1
1822,1818,704.249229,20025,1
1823,1819,704.260365,20036,1
1824,1820,704.271500,20047,1
1825,1821,704.282634,20058,1
1826,1822,704.293772,20069,1
1827,1823,704.304906,20080,1
1828,1824,704.316041,20091,1
1829,1825,704.327179,20102,1
1830,1826,704.338314,20113,1
1831,1827,704.349449,20124,1
1832,1828,704.360583,20135,1
1833,1829,704.371720,20146,1
1834,1830,704.382855,20157,1
1835,1831,704.393989,20168,1
1836,1832,704.405126,20179,1
1837,1833,704.416262,20190,1
1838,1834,704.427399,20201,1
1839,1835,704.438532,20212,1
1840,1836,704.449670,20223,1
1841,1837,704.460804,20234,1
1842,1838,704.471940,20245,1
1843,1839,704.482064,20255,1
1844,1840,704.493198,20266,1
1845,1841,704.504334,20277,1
1846,1842,704.515469,20288,1
1847,1843,704.526605,20299,1
1848,1844,704.537740,20310,1
1849,1845,704.548875,20321,1
1850,1846,704.560012,20332,1
1851,1847,704.571145,20343,1
1852,1848,704.582283,20354,1
1853,1849,704.593419,20365,1
1854,1850,704.604552,20376,1
1855,1851,704.615689,20387,1
1856,1852,704.626823,20398,1
1857,1853,704.637959,20409,1
1858,1854,704.649102,20420,1
1859,1855,704.660231,20431,1
1860,1856,704.671365,20442,1
1861,1857,704.682500,20453,1
1862,1858,704.693637,20464,1
1863,1859,704.704773,20475,1
1864,1860,704.715908,20486,1
1865,1861,704.727044,20497,1
1866,1862,704.738180,20508,1
1867,1863,704.749313,20519,1
1868,1864,704.760449,20530,1
1869,1865,704.771586,20541,1
1870,1866,704.782721,20552,1
1871,1867,704.793858,20563,1
1872,1868,704.804993,20574,1
1873,1869,704.816126,20585,1
1874,1870,704.827262,20596,1
1875,1871,704.838399,20607,1
1876,1872,704.849533,20618,1
1877,1873,704.860668,20629,1
1878,1874,704.871804,20640,1
1879,1875,704.882941,20651,1
1880,1876,704.894075,20662,1
1881,1877,704.905210,20673,1
1882,1878,704.916347,20684,1
1883,1879,704.927483,20695,1
1884,1880,704.938617,20706,1
1885,1881,704.949755,20717,1
1886,1882,704.960890,20728,1
1887,1883,704.972023,20739,1
1888,1884,704.983161,20750,1
1889,1885,704.994296,20761,1
1890,1886,705.005430,20772,1
1891,1887,705.016567,20783,1
1892,1888,705.027701,20794,1
1893,1889,705.038838,20805,1
1894,1890,705.049972,20816,1
1895,1891,705.061109,20827,1
1896,1892,705.072243,20838,1
1897,1893,705.083381,20849,1
1898,1894,705.094515,20860,1
1899,1895,705.105652,20871,1
1900,1896,705.116788,20882,1
1901,1897,705.127922,20893,1
1902,1898,705.139059,20904,1
1903,1899,705.150192,20915,1
1904,1900,705.161327,20926,1
1905,1901,705.172463,20937,1
1906,1902,705.183598,20948,1
1907,1903,705.194733,20959,1
1908,1904,705.205871,20970,1
1909,1905,705.217005,20981,1
1910,1906,705.228141,20992,1
1911,1907,705.239277,21003,1
1912,1908,705.250411,21014,1
1913,1909,705.261547,21025,1
1914,1910,705.272683,21036,1
1915,1911,705.283819,21047,1
1916,1912,705.294954,21058,1
1917,1913,705.306100,21069,1
1918,1914,705.317226,21080,1
1919,1915,705.328361,21091,1
1920,1916,705.339497,21102,1
1921,1917,705.350631,21113,1
1922,1918,705.361767,21124,1
1923,1919,705.372903,21135,1
1924,1920,705.384037,21146,1
1925,1921,705.395175,21157,1
1926,1922,705.406308,21168,1
1927,1923,705.417446,21179,1
1928,1924,705.428579,21190,1
1929,1925,705.439716,21201,1
1930,1926,705.450853,21212,1
1931,1927,705.461986,21223,1
1932,1928,705.473123,21234,1
1933,1929,705.484257,21245,1
1934,1930,705.495394,21256,1
1935,1931,705.506529,21267,1
1936,1932,705.517664,21278,1
1937,1933,705.528799,21289,1
1938,1934,705.539935,21300,1
1939,1935,705.551071,21311,1
1940,1936,705.562205,21322,1
1941,1937,705.573343,21333,1
1942,1938,705.584477,21344,1
1943,1939,705.595614,21355,1
1944,1940,705.606749,21366,1
1945,1941,705.617885,21377,1
1946,1942,705.629020,21388,1
1947,1943,705.640156,21399,1
1948,1944,705.651290,21410,1
1949,1945,705.662427,21421,1
1950,1946,705.673561,21432,1
1951,1947,705.684696,21443,1
1952,1948,705.695831,21454,1
1953,1949,705.706968,21465,1
1954,1950,705.718105,21475,1
1955,1951,705.729240,21486,1
1956,1952,705.740373,21497,1
1957,1953,705.751511,21508,1
1958,1954,705.762646,21519,1
1959,1955,705.773781,21530,1
1960,1956,705.784917,21541,1
1961,1957,705.796053,21552,1
1962,1958,705.807188,21563,1
1963,1959,705.818324,21574,1
1964,1960,705.829460,21585,1
1965,1961,705.840595,21596,1
1966,1962,705.851731,21607,1
1967,1963,705.862866,21618,1
1968,1964,705.874001,21629,1
1969,1965,705.885135,21640,1
1970,1966,705.896271,21651,1
1971,1967,705.907406,21662,1
1972,1968,705.918542,21673,1
1973,1969,705.929678,21684,1
1974,1970,705.939801,21694,1
1975,1971,705.950938,21705,1
1976,1972,705.962071,21716,1
1977,1973,705.973207,21727,1
1978,1974,705.984345,21738,1
1979,1975,705.995480,21749,1
1980,1976,706.006613,21760,1
1981,1977,706.017751,21771,1
1982,1978,706.028884,21782,1
1983,1979,706.040021,21793,1
1984,1980,706.051155,21804,1
1985,1981,706.062291,21815,1
1986,1982,706.073428,21826,1
1987,1983,706.084563,21837,1
1988,1984,706.095697,21848,1
1989,1985,706.106833,21859,1
1990,1986,706.117969,21870,1
1991,1987,706.129105,21881,1
1992,1988,706.140242,21892,1
1993,1989,706.151376,21903,1
1994,1990,706.162510,21914,1
1995,1991,706.173648,21925,1
1996,1992,706.184781,21936,1
1997,1993,706.195918,21947,1
1998,1994,706.207054,21958,1
1999,1995,706.218188,21969,1
2000,1996,706.229325,21980,1
2001,1997,706.240461,21991,1
2002,1998,706.251595,22002,1
2003,1999,706.262730,22013,1
2004,2000,706.273865,22024,1
2005,2001,706.285003,22035,1
2006,2002,706.296138,22046,1
2007,2003,706.307272,22057,1
2008,2004,706.318410,22068,1
2009,2005,706.329543,22079,1
2010,2006,706.340678,22090,1
2011,2007,706.351814,22101,1
2012,2008,706.362951,22112,1
2013,2009,706.374086,22123,1
2014,2010,706.385222,22134,1
2015,2011,706.396357,22145,1
2016,2012,706.407493,22156,1
2017,2013,706.418627,22167,1
2018,2014,706.429764,22178,1
2019,2015,706.440900,22189,1
2020,2016,706.452035,22200,1
2021,2017,706.463169,22211,1
2022,2018,706.474305,22222,1
2023,2019,706.485441,22233,1
2024,2020,706.496577,22244,1
2025,2021,706.507713,22255,1
2026,2022,706.518849,22266,1
2027,2023,706.529984,22277,1
2028,2024,706.541118,22288,1
2029,2025,706.552253,22299,1
2030,2026,706.563391,22310,1
2031,2027,706.574524,22321,1
2032,2028,706.585660,22332,1
2033,2029,706.596795,22343,1
2034,2030,706.607932,22354,1
2035,2031,706.619067,22365,1
2036,2032,706.630204,22376,1
2037,2033,706.641339,22387,1
2038,2034,706.652475,22398,1
2039,-1,706.663609,22409,1
2040,2035,706.674744,22420,1
2041,2036,706.685881,22431,1
2042,2037,706.697016,22442,1
2043,2038,706.708152,22453,1
2044,2039,706.719287,22464,1
2045,2040,706.730423,22475,1
2046,2041,706.741557,22486,1
2047,2042,706.752694,22497,1
2048,2043,706.763828,22508,1
2049,2044,706.774965,22519,1
2050,2045,706.786108,22530,1
2051,2046,706.797236,22541,1
2052,2047,706.808370,22552,1
2053,2048,706.819508,22563,1
2054,2049,706.830642,22574,1
2055,2050,706.841779,22585,1
2056,2051,706.852912,22596,1
2057,2052,706.864047,22607,1
2058,2053,706.875183,22618,1
2059,2054,706.886320,22629,1
2060,2055,706.897454,22640,1
2061,2056,706.908590,22651,1
2062,2057,706.919727,22662,1
2063,2058,706.930863,22673,1
2064,2059,706.941996,22684,1
2065,2060,706.953133,22695,1
2066,2061,706.964268,22706,1
2067,2062,706.975402,22717,1
2068,2063,706.986538,22728,1
2069,2064,706.997674,22739,1
2070,2065,707.008811,22750,1
2071,2066,707.019946,22761,1
2072,2067,707.031082,22772,1
2073,2068,707.042215,22783,1
2074,2069,707.053352,22794,1
2075,2070,707.064489,22805,1
2076,2071,707.075624,22816,1
2077,2072,707.086758,22827,1
2078,2073,707.097894,22838,1
2079,2074,707.109030,22849,1
2080,2075,707.120164,22860,1
2081,2076,707.131300,22871,1
2082,2077,707.142437,22882,1
2083,2078,707.153572,22893,1
2084,2079,707.164706,22904,1
2085,2080,707.175843,22915,1
2086,2081,707.186977,22926,1
2087,2082,707.198113,22937,1
2088,2083,707.209250,22948,1
2089,2084,707.220384,22959,1
2090,2085,707.231521,22970,1
2091,2086,707.242657,22981,1
2092,2087,707.253790,22992,1
2093,2088,707.264927,23003,1
2094,2089,707.276061,23014,1
2095,2090,707.287199,23025,1
2096,2091,707.298334,23036,1
2097,2092,707.309467,23047,1
2098,2093,707.320605,23058,1
2099,2094,707.331741,23069,1
2100,2095,707.342875,23080,1
2101,2096,707.354011,23091,1
2102,2097,707.365146,23102,1
2103,2098,707.376280,23113,1
2104,2099,707.387418,23124,1
2105,2100,707.397540,23134,1
2106,2101,707.408674,23145,1
2107,2102,707.419813,23156,1
2108,2103,707.430948,23167,1
2109,2104,707.442081,23178,1
2110,2105,707.453218,23189,1
2111,2106,707.464352,23200,1
2112,2107,707.475489,23211,1
2113,2108,707.486624,23222,1
2114,2109,707.497759,23233,1
2115,2110,707.508894,23244,1
2116,2111,707.520030,23255,1
2117,2112,707.531166,23266,1
2118,2113,707.542303,23277,1
2119,2114,707.553438,23288,1
2120,2115,707.564573,23299,1
2121,2116,707.575709,23310,1
2122,2117,707.586845,23321,1
2123,2118,707.597981,23332,1
2124,2119,707.609114,23343,1
2125,2120,707.620249,23354,1
2126,2121,707.631386,23365,1
2127,2122,707.642522,23376,1
2128,2123,707.653656,23387,1
2129,2124,707.664793,23398,1
2130,2125,707.675928,23409,1
2131,2126,707.687062,23420,1
2132,2127,707.698199,23431,1
2133,2128,707.709334,23442,1
2134,2129,707.720471,23453,1
2135,2130,707.731606,23464,1
2136,2131,707.742740,23475,1
2137,2132,707.753877,23486,1
2138,2133,707.765013,23497,1
2139,2134,707.776148,23508,1
2140,2135,707.787282,23519,1
2141,2136,707.798419,23530,1
2142,2137,707.809553,23541,1
2143,2138,707.820691,23552,1
2144,2139,707.831825,23563,1
2145,2140,707.842960,23574,1
2146,2141,707.854102,23585,1
2147,2142,707.865233,23596,1
2148,2143,707.876368,23607,1
2149,2144,707.887504,23618,1
2150,2145,707.898639,23629,1
2151,2146,707.909774,23640,1
2152,2147,707.920909,23651,1
2153,2148,707.932043,23662,1
2154,2149,707.943179,23673,1
2155,2150,707.954316,23684,1
2156,2151,707.965451,23695,1
2157,2152,707.976587,23706,1
2158,2153,707.987721,23717,1
2159,2154,707.998857,23728,1
2160,2155,708.009993,23739,1
2161,2156,708.021129,23750,1
2162,2157,708.032263,23761,1
2163,2158,708.043400,23772,1
2164,2159,708.054535,23783,1
2165,2160,708.065672,23794,1
2166,2161,708.076807,23805,1
2167,2162,708.087942,23816,1
2168,2163,708.099078,23827,1
2169,2164,708.110213,23838,1
2170,2165,708.121348,23849,1
2171,2166,708.132482,23860,1
2172,2167,708.143620,23871,1
2173,2168,708.154754,23882,1
2174,2169,708.165891,23893,1
2175,2170,708.177027,23904,1
2176,2171,708.188162,23915,1
2177,2172,708.199297,23926,1
2178,2173,708.210431,23937,1
2179,2174,708.221569,23948,1
2180,2175,708.232702,23959,1
2181,2176,708.243840,23970,1
2182,2177,708.254974,23981,1
2183,2178,708.266109,23992,1
2184,2179,708.277245,24003,1
2185,2180,708.288380,24014,1
2186,2181,708.299516,24025,1
2187,2182,708.310652,24036,1
2188,2183,708.321786,24047,1
2189,2184,708.332923,24058,1
2190,2185,708.344058,24069,1
2191,2186,708.355192,24080,1
2192,2187,708.366329,24091,1
2193,2188,708.377466,24102,1
2194,2189,708.388601,24113,1
2195,2190,708.399735,24124,1
2196,2191,708.410870,24135,1
2197,2192,708.422008,24146,1
2198,2193,708.433141,24157,1
2199,2194,708.444277,24168,1
2200,2195,708.455412,24179,1
2201,2196,708.466548,24190,1
2202,2197,708.477683,24201,1
2203,2198,708.488819,24212,1
2204,2199,708.499954,24223,1
2205,2200,708.511099,24234,1
2206,2201,708.522225,24245,1
2207,2202,708.533363,24256,1
2208,2203,708.544496,24267,1
2209,2204,708.555634,24278,1
2210,2205,708.566768,24289,1
2211,2206,708.577905,24300,1
2212,2207,708.589038,24311,1
2213,2208,708.600175,24322,1
2214,2209,708.611311,24333,1
2215,2210,708.622447,24344,1
2216,2211,708.633582,24355,1
2217,2212,708.644718,24366,1
2218,2213,708.655853,24377,1
2219,2214,708.666987,24388,1
2220,2215,708.678122,24399,1
2221,2216,708.689259,24410,1
2222,2217,708.700394,24421,1
2223,2218,708.711530,24432,1
2224,2219,708.722666,24443,1
2225,2220,708.733800,24454,1
2226,2221,708.744937,24465,1
2227,2222,708.756072,24476,1
2228,2223,708.767208,24487,1
2229,2224,708.778342,24498,1
2230,2225,708.789477,24509,1
2231,2226,708.800613,24520,1
2232,2227,708.811750,24531,1
2233,2228,708.822885,24542,1
2234,2229,708.834022,24553,1
2235,2230,708.845156,24564,1
2236,2231,708.855280,24574,1
2237,2232,708.866415,24585,1
2238,2233,708.877549,24596,1
2239,2234,708.888684,24607,1
2240,2235,708.899822,24618,1
2241,2236,708.910958,24629,1
2242,2237,708.922101,24640,1
2243,2238,708.933229,24651,1
2244,2239,708.944364,24662,1
2245,2240,708.955497,24673,1
2246,2241,708.966635,24684,1
2247,2242,708.977771,24695,1
2248,2243,708.988906,24706,1
2249,2244,709.000041,24717,1
2250,2245,709.011175,24728,1
2251,2246,709.022312,24739,1
2252,2247,709.033446,24750,1
2253,2248,709.044582,24761,1
2254,2249,709.055719,24772,1
2255,2250,709.066853,24783,1
2256,2251,709.077988,24794,1
2257,2252,709.089125,24805,1
2258,2253,709.100260,24816,1
2259,2254,709.111397,24827,1
2260,2255,709.122532,24838,1
2261,2256,709.133667,24849,1
2262,2257,709.144803,24860,1
2263,2258,709.155936,24871,1
2264,2259,709.167074,24882,1
2265,2260,709.178208,24893,1
2266,2261,709.189344,24904,1
2267,2262,709.200479,24915,1
2268,2263,709.211616,24926,1
2269,2264,709.222750,24937,1
2270,2265,709.233887,24948,1
2271,2266,709.245023,24959,1
2272,2267,709.256157,24970,1
2273,2268,709.267293,24981,1
2274,2269,709.278430,24992,1
2275,2270,709.289565,25003,1
2276,2271,709.300700,25014,1
2277,2272,709.311834,25025,1
2278,2273,709.322969,25036,1
2279,2274,709.334105,25047,1
2280,2275,709.345241,25058,1
2281,2276,709.356376,25069,1
2282,2277,709.367512,25080,1
2283,2278,709.378647,25091,1
2284,2279,709.389782,25102,1
2285,2280,709.400918,25113,1
2286,2281,709.412055,25124,1
2287,2282,709.423190,25135,1
2288,2283,709.434326,25146,1
2289,2284,709.445460,25157,1
2290,2285,709.456595,25168,1
2291,2286,709.467732,25179,1
2292,2287,709.478866,25190,1
2293,2288,709.490004,25201,1
2294,2289,709.501137,25212,1
2295,2290,709.512275,25223,1
2296,2291,709.523410,25234,1
2297,2292,709.534546,25245,1
2298,2293,709.545682,25256,1
2299,2294,709.556817,25267,1
2300,2295,709.567953,25278,1
2301,2296,709.579086,25289,1
2302,2297,709.590222,25300,1
2303,2298,709.601359,25311,1
2304,2299,709.612495,25322,1
2305,2300,709.623629,25333,1
2306,2301,709.634764,25344,1
2307,2302,709.645901,25355,1
2308,2303,709.657037,25366,1
2309,2304,709.668172,25377,1
2310,2305,709.679308,25388,1
2311,2306,709.690441,25399,1
2312,2307,709.701578,25410,1
2313,2308,709.712712,25421,1
2314,2309,709.723849,25432,1
2315,2310,709.734983,25443,1
2316,2311,709.746119,25454,1
2317,2312,709.757256,25465,1
2318,2313,709.768390,25476,1
2319,2314,709.779527,25487,1
2320,2315,709.790661,25498,1
2321,2316,709.801798,25509,1
2322,2317,709.812932,25520,1
2323,2318,709.824070,25531,1
2324,2319,709.835202,25542,1
2325,2320,709.846338,25553,1
2326,2321,709.857474,25564,1
2327,2322,709.868611,25575,1
2328,2323,709.879744,25586,1
2329,2324,709.890880,25597,1
2330,2325,709.902018,25608,1
2331,2326,709.913151,25619,1
2332,2327,709.924288,25630,1
2333,2328,709.935423,25641,1
2334,2329,709.946559,25652,1
2335,2330,709.957693,25663,1
2336,2331,709.968828,25674,1
2337,-1,709.979966,25685,1
2338,2332,709.991104,25696,1
2339,2333,710.002236,25707,1
2340,2334,710.013371,25718,1
2341,2335,710.024507,25729,1
2342,2336,710.035644,25740,1
2343,2337,710.046778,25751,1
2344,2338,710.057914,25762,1
2345,2339,710.069049,25773,1
2346,2340,710.080185,25784,1
2347,2341,710.091320,25795,1
2348,2342,710.102455,25806,1
2349,2343,710.113591,25817,1
2350,2344,710.124726,25828,1
2351,2345,710.135861,25839,1
2352,2346,710.146997,25850,1
2353,2347,710.158134,25861,1
2354,2348,710.169270,25872,1
2355,2349,710.180404,25883,1
2356,2350,710.191540,25894,1
2357,2351,710.202676,25905,1
2358,2352,710.213812,25916,1
2359,2353,710.224947,25927,1
2360,2354,710.236081,25938,1
2361,2355,710.247216,25949,1
2362,2356,710.258353,25960,1
2363,2357,710.269489,25971,1
2364,2358,710.280624,25982,1
2365,2359,710.291760,25993,1
2366,2360,710.302894,26004,1
2367,2361,710.313018,26014,1
2368,2362,710.324155,26025,1
2369,2363,710.335290,26036,1
2370,2364,710.346426,26047,1
2371,2365,710.357561,26058,1
2372,2366,710.368696,26069,1
2373,2367,710.379832,26080,1
2374,2368,710.390967,26091,1
2375,2369,710.402104,26102,1
2376,2370,710.413238,26113,1
2377,2371,710.424372,26124,1
2378,2372,710.435508,26135,1
2379,2373,710.446644,26146,1
2380,2374,710.457779,26157,1
2381,2375,710.468915,26168,1
2382,2376,710.480052,26179,1
2383,2377,710.491187,26190,1
2384,2378,710.502323,26201,1
2385,2379,710.513457,26212,1
2386,2380,710.524593,26223,1
2387,2381,710.535729,26234,1
2388,2382,710.546862,26245,1
2389,2383,710.557998,26256,1
2390,2384,710.569135,26267,1
2391,2385,710.580270,26278,1
2392,2386,710.591405,26289,1
2393,2387,710.602542,26300,1
2394,2388,710.613678,26311,1
2395,2389,710.624814,26322,1
2396,2390,710.635947,26333,1
2397,2391,710.647082,26344,1
2398,2392,710.658220,26355,1
2399,2393,710.669355,26366,1
2400,2394,710.680491,26377,1
2401,2395,710.691626,26388,1
2402,2396,710.702762,26399,1
2403,2397,710.713896,26410,1
2404,2398,710.725031,26421,1
2405,2399,710.736168,26432,1
2406,2400,710.747304,26443,1
2407,2401,710.758437,26454,1
2408,2402,710.769575,26465,1
2409,2403,710.780709,26476,1
2410,2404,710.791844,26487,1
2411,2405,710.802982,26498,1
2412,2406,710.814117,26509,1
2413,2407,710.825252,26520,1
2414,2408,710.836387,26531,1
2415,2409,710.847523,26542,1
2416,2410,710.858658,26553,1
2417,2411,710.869794,26564,1
2418,2412,710.880930,26575,1
2419,2413,710.892066,26586,1
2420,2414,710.903200,26597,1
2421,2415,710.914337,26608,1
2422,2416,710.925471,26619,1
2423,2417,710.936607,26630,1
2424,2418,710.947743,26641,1
2425,2419,710.958876,26652,1
2426,2420,710.970012,26663,1
2427,2421,710.981150,26674,1
2428,2422,710.992284,26685,1
2429,2423,711.003420,26696,1
2430,2424,711.014555,26707,1
2431,2425,711.025692,26718,1
2432,2426,711.036825,26729,1
2433,2427,711.047961,26740,1
2434,2428,711.059104,26751,1
2435,2429,711.070232,26762,1
2436,2430,711.081369,26773,1
2437,2431,711.092503,26784,1
2438,2432,711.103640,26795,1
2439,2433,711.114774,26806,1
2440,2434,711.125911,26817,1
2441,2435,711.137046,26828,1
2442,2436,711.148181,26839,1
2443,2437,711.159316,26850,1
2444,2438,711.170452,26861,1
2445,2439,711.181588,26872,1
2446,2440,711.192723,26883,1
2447,2441,711.203860,26894,1
2448,2442,711.214994,26905,1
2449,2443,711.226131,26916,1
2450,2444,711.237264,26927,1
2451,2445,711.248399,26938,1
2452,2446,711.259535,26949,1
2453,2447,711.270673,26960,1
2454,2448,711.281808,26971,1
2455,2449,711.292944,26982,1
2456,2450,711.304078,26993,1
2457,2451,711.315215,27004,1
2458,2452,711.326349,27015,1
2459,2453,711.337484,27026,1
2460,2454,711.348620,27037,1
2461,-1,711.359754,27048,1
2462,2455,711.370891,27059,1
2463,2456,711.382026,27070,1
2464,2457,711.393162,27081,1
2465,2458,711.404298,27092,1
2466,2459,711.415432,27103,1
2467,2460,711.426570,27114,1
2468,2461,711.437705,27125,1
2469,2462,711.448840,27136,1
2470,2463,711.459974,27147,1
2471,2464,711.471112,27158,1
2472,2465,711.482247,27169,1
2473,2466,711.493383,27180,1
2474,2467,711.504516,27191,1
2475,2468,711.515652,27202,1
2476,2469,711.526790,27213,1
2477,2470,711.537923,27224,1
2478,2471,711.549060,27235,1
2479,2472,711.560195,27246,1
2480,2473,711.571329,27257,1
2481,2474,711.582465,27268,1
2482,2475,711.593602,27279,1
2483,2476,711.604737,27290,1
2484,2477,711.615873,27301,1
2485,2478,711.627008,27312,1
2486,2479,711.638142,27323,1
2487,2480,711.649278,27334,1
2488,2481,711.660413,27345,1
2489,2482,711.671550,27356,1
2490,2483,711.682684,27367,1
2491,2484,711.693820,27378,1
2492,2485,711.704957,27389,1
2493,2486,711.716102,27400,1
2494,2487,711.727228,27411,1
2495,2488,711.738364,27422,1
2496,2489,711.749500,27433,1
2497,2490,711.760635,27444,1
2498,2491,711.771770,27455,1
2499,2492,711.781893,27465,1
2500,2493,711.793029,27476,1
2501,2494,711.804162,27487,1
2502,2495,711.815300,27498,1
2503,2496,711.826436,27509,1
2504,2497,711.837571,27520,1
2505,2498,711.848706,27531,1
2506,2499,711.859842,27542,1
2507,2500,711.870976,27553,1
2508,2501,711.882113,27564,1
2509,2502,711.893247,27575,1
2510,2503,711.904385,27586,1
2511,2504,711.915519,27597,1
2512,2505,711.926654,27608,1
2513,2506,711.937790,27619,1
2514,2507,711.948925,27630,1
2515,2508,711.960060,27641,1
2516,2509,711.971197,27652,1
2517,2510,711.982333,27663,1
2518,2511,711.993467,27674,1
2519,2512,712.004603,27685,1
2520,2513,712.015737,27696,1
2521,2514,712.026873,27707,1
2522,2515,712.038010,27718,1
2523,2516,712.049144,27729,1
2524,2517,712.060279,27740,1
2525,2518,712.071417,27751,1
2526,2519,712.082553,27762,1
2527,2520,712.093688,27773,1
2528,2521,712.104821,27784,1
2529,2522,712.115959,27795,1
2530,2523,712.127103,27806,1
2531,2524,712.138228,27817,1
2532,2525,712.149366,27828,1
2533,2526,712.160500,27839,1
2534,2527,712.171636,27850,1
2535,2528,712.182772,27861,1
2536,2529,712.193905,27872,1
2537,2530,712.205041,27883,1
2538,2531,712.216178,27894,1
2539,2532,712.227313,27905,1
2540,2533,712.238447,27916,1
2541,2534,712.249584,27927,1
2542,2535,712.260719,27938,1
2543,2536,712.271856,27949,1
2544,2537,712.282990,27960,1
2545,2538,712.294127,27971,1
2546,2539,712.305261,27982,1
2547,2540,712.316398,27993,1
2548,2541,712.327532,28004,1
2549,2542,712.338668,28015,1
2550,2543,712.349805,28026,1
2551,2544,712.360939,28037,1
2552,2545,712.372076,28048,1
2553,2546,712.383211,28059,1
2554,2547,712.394345,28070,1
2555,2548,712.405480,28081,1
2556,2549,712.416616,28092,1
2557,2550,712.427751,28103,1
2558,2551,712.438887,28114,1
2559,2552,712.450022,28125,1
2560,2553,712.461158,28136,1
2561,2554,712.472293,28147,1
2562,2555,712.483429,28158,1
2563,2556,712.494566,28169,1
2564,2557,712.505699,28180,1
2565,2558,712.516835,28191,1
2566,2559,712.527972,28202,1
2567,2560,712.539107,28213,1
2568,2561,712.550243,28224,1
2569,2562,712.561378,28235,1
2570,2563,712.572514,28246,1
2571,2564,712.583650,28257,1
2572,2565,712.594786,28268,1
2573,2566,712.605919,28279,1
2574,2567,712.617056,28290,1
2575,2568,712.628191,28301,1
2576,2569,712.639325,28312,1
2577,2570,712.650463,28323,1
2578,2571,712.661599,28334,1
2579,2572,712.672734,28345,1
2580,2573,712.683867,28356,1
2581,2574,712.695003,28367,1
2582,2575,712.706140,28378,1
2583,2576,712.717275,28389,1
2584,2577,712.728412,28400,1
2585,2578,712.739546,28411,1
2586,2579,712.750683,28422,1
2587,2580,712.761817,28433,1
2588,2581,712.772953,28444,1
2589,2582,712.784099,28455,1
2590,2583,712.795223,28466,1
2591,2584,712.806360,28477,1
2592,2585,712.817495,28488,1
2593,2586,712.828629,28499,1
2594,2587,712.839767,28510,1
2595,-1,712.850900,28521,1
2596,2588,712.862037,28532,1
2597,2589,712.873173,28543,1
2598,2590,712.884307,28554,1
2599,2591,712.895442,28565,1
2600,2592,712.906579,28576,1
2601,2593,712.917715,28587,1
2602,2594,712.928851,28598,1
2603,2595,712.939986,28609,1
2604,2596,712.951120,28620,1
2605,2597,712.962255,28631,1
2606,2598,712.973392,28642,1
2607,2599,712.984528,28653,1
2608,2600,712.995662,28664,1
2609,2601,713.006799,28675,1
2610,2602,713.017933,28686,1
2611,2603,713.029069,28697,1
2612,2604,713.040205,28708,1
2613,2605,713.051341,28719,1
2614,2606,713.062476,28730,1
2615,2607,713.073610,28741,1
2616,2608,713.084748,28752,1
2617,2609,713.095883,28763,1
2618,2610,713.107019,28774,1
2619,2611,713.118154,28785,1
2620,2612,713.129290,28796,1
2621,2613,713.140426,28807,1
2622,2614,713.151560,28818,1
2623,2615,713.162697,28829,1
2624,2616,713.173831,28840,1
2625,2617,713.184967,28851,1
2626,2618,713.196105,28862,1
2627,2619,713.207239,28873,1
2628,2620,713.218367,28873,0
