timestamp_s,depth_m,pixel_u,pixel_v
1777902005.117613,2.627000,369.873413,260.373413
1777902005.128740,2.617000,369.837677,260.441559
1777902005.139867,2.617000,369.837677,260.441559
1777902005.150995,2.622000,369.822357,260.506592
1777902005.162122,2.591000,369.837677,260.441559
1777902005.173249,2.596000,369.837677,260.441559
1777902005.184377,2.627000,369.837677,260.441559
1777902005.195504,2.612000,369.832245,260.361664
1777902005.206631,2.606000,369.837677,260.441559
1777902005.217760,2.612000,369.837677,260.441559
1777902005.228886,2.596000,369.770416,260.366455
1777902005.240014,2.627000,369.837677,260.441559
1777902005.251142,2.622000,369.837677,260.441559
1777902005.262269,2.617000,369.897430,260.435883
1777902005.273396,2.596000,369.837677,260.441559
1777902005.284523,2.643000,369.837677,260.441559
1777902005.295651,2.581000,369.837677,260.441559
1777902005.306778,2.596000,369.837677,260.441559
1777902005.317905,2.581000,369.837677,260.441559
1777902005.329033,2.576000,369.832245,260.361664
1777902005.340160,2.648000,369.837677,260.441559
1777902005.351287,2.617000,369.897430,260.435883
1777902005.362415,2.633000,369.837677,260.441559
1777902005.373542,2.596000,369.808594,260.298920
1777902005.384670,2.617000,369.837677,260.441559
1777902005.395797,2.596000,369.873413,260.373413
1777902005.406924,2.617000,369.870117,260.357147
1777902005.418051,2.627000,369.770416,260.366455
1777902005.429180,2.622000,369.837677,260.441559
1777902005.440307,2.648000,369.837677,260.441559
1777902005.451434,2.627000,369.837677,260.441559
1777902005.462562,2.643000,369.837677,260.441559
1777902005.473689,2.622000,369.837677,260.441559
1777902005.484816,2.622000,369.897430,260.435883
1777902005.495944,2.596000,369.897430,260.435883
1777902005.507071,2.633000,369.897430,260.435883
1777902005.518198,2.627000,369.873413,260.373413
1777902005.529326,2.612000,369.832245,260.361664
1777902005.540453,2.633000,369.873413,260.373413
1777902005.551580,2.581000,369.883118,260.370117
1777902005.562708,2.638000,369.954559,260.415588
1777902005.573835,2.591000,369.814117,260.378204
1777902005.584962,2.596000,369.935822,260.306427
1777902005.596090,2.643000,369.818756,260.343750
1777902005.607218,2.606000,369.978760,260.218689
1777902005.618345,2.638000,370.036102,260.176208
1777902005.629473,2.622000,369.991608,260.285126
1777902005.640600,2.633000,369.929474,260.352570
1777902005.651726,2.638000,369.855255,260.289459
1777902005.662855,2.633000,369.822357,260.375000
1777902005.673982,2.612000,369.934174,260.288757
1777902005.685109,2.622000,369.929474,260.352570
1777902005.696237,2.571000,369.873413,260.373413
1777902005.707364,2.617000,369.931244,260.393738
1777902005.718491,2.576000,369.987335,260.373413
1777902005.729618,2.571000,370.012817,260.435883
1777902005.740746,2.576000,370.012817,260.435883
1777902005.751873,2.622000,370.012817,260.435883
1777902005.763000,2.576000,370.073364,260.366882
1777902005.774128,2.638000,370.073364,260.366882
1777902005.785255,2.581000,369.954559,260.415588
1777902005.796382,2.576000,369.954559,260.415588
1777902005.807510,2.606000,369.954559,260.415588
1777902005.818637,2.627000,369.897430,260.435883
1777902005.829764,2.576000,369.955688,260.455688
1777902005.840893,2.622000,369.955688,260.455688
1777902005.852020,2.648000,369.897430,260.435883
1777902005.863147,2.612000,369.897430,260.435883
1777902005.874275,2.617000,369.954559,260.415588
1777902005.885402,2.612000,370.012817,260.435883
1777902005.896529,2.561000,369.929474,260.352570
1777902005.907658,2.576000,370.016571,260.387177
1777902005.918785,2.596000,369.978760,260.218689
1777902005.929912,2.643000,369.929474,260.352570
1777902005.941040,2.571000,369.991821,260.327209
1777902005.952168,2.576000,370.012817,260.435883
1777902005.963295,2.633000,369.954559,260.415588
1777902005.974423,2.638000,370.047607,260.306427
1777902005.985550,2.581000,370.016998,260.346069
1777902005.996677,2.622000,370.012817,260.435883
1777902006.007805,2.627000,369.954559,260.415588
1777902006.018933,2.606000,370.012817,260.435883
1777902006.030060,2.596000,369.894745,260.421051
1777902006.041188,2.638000,369.897430,260.435883
1777902006.052315,2.571000,369.954559,260.415588
1777902006.063442,2.576000,369.954559,260.415588
1777902006.074571,2.596000,369.897430,260.435883
1777902006.085698,2.561000,369.929474,260.352570
1777902006.096825,2.638000,369.873413,260.373413
1777902006.107953,2.627000,369.897430,260.435883
1777902006.119080,2.556000,370.012817,260.435883
1777902006.130208,2.617000,370.016998,260.346069
1777902006.141336,2.622000,369.897430,260.435883
1777902006.152463,2.576000,369.897430,260.435883
1777902006.163590,2.571000,369.873413,260.373413
1777902006.174717,2.612000,369.929474,260.352570
1777902006.185845,2.556000,369.873413,260.373413
1777902006.196973,2.612000,369.873413,260.373413
1777902006.208100,2.596000,369.873413,260.373413
1777902006.219228,2.596000,369.806091,260.230927
1777902006.230355,2.546000,369.798706,260.311676
1777902006.241482,2.546000,369.920441,260.221497
1777902006.252611,2.591000,369.858978,260.256409
1777902006.263738,2.576000,369.857147,260.045441
1777902006.274865,2.617000,369.787476,260.210297
1777902006.285993,2.576000,369.864105,260.193207
1777902006.297121,2.571000,369.849884,260.207520
1777902006.308248,2.596000,369.730682,260.234009
1777902006.319376,2.561000,369.787476,260.210297
1777902006.330503,2.571000,369.798706,260.114716
1777902006.341630,2.612000,369.853333,260.073334
1777902006.352759,2.606000,369.847870,260.138702
1777902006.363886,2.617000,369.734192,260.135071
1777902006.375013,2.627000,369.743591,260.138885
1777902006.386141,2.596000,369.747284,260.302826
1777902006.397268,2.638000,369.837677,260.441559
1777902006.408396,2.622000,369.954559,260.415588
1777902006.419524,2.638000,369.897430,260.435883
1777902006.430651,2.643000,369.954559,260.415588
1777902006.441778,2.556000,369.790283,260.163361
1777902006.452906,2.612000,369.796051,260.046051
1777902006.464033,2.612000,369.857147,260.045441
1777902006.475161,2.541000,369.914459,260.072357
1777902006.486289,2.581000,370.004242,260.093414
1777902006.497416,2.581000,369.857147,260.045441
1777902006.508543,2.576000,369.881592,260.105255
1777902006.519671,2.606000,369.978485,260.152679
1777902006.530799,2.591000,369.978485,260.152679
1777902006.541926,2.591000,369.916656,260.070526
1777902006.553054,2.546000,369.978485,260.152679
1777902006.564181,2.612000,369.921448,260.125275
1777902006.575308,2.576000,369.914459,260.072357
1777902006.586437,2.617000,369.914459,260.072357
1777902006.597564,2.581000,369.914459,260.072357
1777902006.608691,2.606000,369.914459,260.072357
1777902006.619818,2.581000,369.857147,260.045441
1777902006.630947,2.561000,369.914459,260.072357
1777902006.642074,2.591000,369.914459,260.072357
1777902006.653201,2.561000,370.004242,260.093414
1777902006.664329,2.556000,369.857147,260.045441
1777902006.675456,2.591000,369.941559,260.013000
1777902006.686584,2.561000,369.914459,260.072357
1777902006.697712,2.617000,369.916656,260.070526
1777902006.708839,2.571000,369.884613,259.987183
1777902006.719966,2.591000,369.857147,260.045441
1777902006.731094,2.612000,369.914459,260.072357
1777902006.742221,2.596000,369.978485,260.152679
1777902006.753349,2.561000,369.914459,260.072357
1777902006.764477,2.576000,369.914459,260.072357
1777902006.775604,2.576000,369.914459,260.072357
1777902006.797859,2.606000,369.884613,259.987183
1777902006.808987,2.606000,369.914459,260.072357
1777902006.820114,2.591000,369.914459,260.072357
1777902006.831242,2.581000,369.857147,260.045441
1777902006.842369,2.576000,369.857147,260.045441
1777902006.853496,2.556000,369.914459,260.072357
1777902006.864625,2.556000,369.914459,260.072357
1777902006.875752,2.581000,369.974030,260.097412
1777902006.886879,2.596000,369.974030,260.097412
1777902006.898007,2.556000,369.978485,260.152679
1777902006.909134,2.591000,369.857147,260.045441
1777902006.920261,2.517000,369.914459,260.072357
1777902006.931390,2.546000,369.857147,260.045441
1777902006.942517,2.612000,369.857147,260.045441
1777902006.953644,2.576000,369.921448,260.125275
1777902006.964772,2.576000,369.857147,260.045441
1777902006.975899,2.546000,369.857147,260.045441
1777902006.987026,2.556000,369.914459,260.072357
1777902006.998155,2.556000,369.857147,260.045441
1777902007.009282,2.576000,369.974030,260.097412
1777902007.020409,2.576000,369.921448,260.125275
1777902007.031537,2.596000,369.914459,260.072357
1777902007.042664,2.581000,369.914459,260.072357
1777902007.053791,2.606000,369.857147,260.045441
1777902007.064919,2.561000,369.914459,260.072357
1777902007.076047,2.612000,369.857147,260.045441
1777902007.087174,2.591000,369.857147,260.045441
1777902007.098301,2.606000,369.857147,260.045441
1777902007.109429,2.612000,369.974030,260.097412
1777902007.120556,2.556000,369.978485,260.152679
1777902007.131684,2.571000,369.978485,260.152679
1777902007.142812,2.571000,369.857147,260.045441
1777902007.153939,2.612000,369.914459,260.072357
1777902007.165066,2.561000,369.857147,260.045441
1777902007.176194,2.606000,369.857147,260.045441
1777902007.187321,2.581000,369.978485,260.152679
1777902007.198448,2.606000,370.000000,260.038452
1777902007.209577,2.571000,369.914459,260.072357
1777902007.220704,2.581000,369.914459,260.072357
1777902007.231831,2.591000,369.857147,260.045441
1777902007.242959,2.581000,369.914459,260.072357
1777902007.254086,2.612000,369.857147,260.045441
1777902007.265214,2.596000,369.857147,260.045441
1777902007.276342,2.591000,369.914459,260.072357
1777902007.287469,2.576000,369.857147,260.045441
1777902007.298596,2.591000,369.857147,260.045441
1777902007.309724,2.591000,369.916656,260.070526
1777902007.320851,2.576000,369.857147,260.045441
1777902007.331979,2.561000,369.914459,260.072357
1777902007.343107,2.576000,369.914459,260.072357
1777902007.354234,2.581000,369.921448,260.125275
1777902007.365361,2.561000,369.914459,260.072357
1777902007.376489,2.596000,369.857147,260.045441
1777902007.387616,2.596000,369.857147,260.045441
1777902007.398743,2.596000,369.857147,260.045441
1777902007.409872,2.556000,369.857147,260.045441
1777902007.420999,2.526000,369.857147,260.045441
1777902007.432126,2.531000,369.884613,259.987183
1777902007.443254,2.576000,369.857147,260.045441
1777902007.454381,2.633000,369.914459,260.072357
1777902007.465508,2.617000,369.857147,260.045441
1777902007.476637,2.571000,369.914459,260.072357
1777902007.487764,2.576000,369.914459,260.072357
1777902007.498891,2.546000,369.914459,260.072357
1777902007.510018,2.576000,369.921448,260.125275
1777902007.521146,2.591000,369.857147,260.045441
1777902007.532274,2.526000,369.914459,260.072357
1777902007.543401,2.606000,369.857147,260.045441
1777902007.554529,2.638000,369.857147,260.045441
1777902007.565656,2.591000,369.857147,260.045441
1777902007.576783,2.596000,369.857147,260.045441
1777902007.587911,2.556000,369.914459,260.072357
1777902007.599039,2.622000,369.978485,260.152679
1777902007.610166,2.571000,369.857147,260.045441
1777902007.621294,2.576000,369.914459,260.072357
1777902007.632421,2.561000,369.857147,260.045441
1777902007.643548,2.606000,369.914459,260.072357
1777902007.654676,2.581000,369.857147,260.045441
1777902007.665803,2.596000,369.857147,260.045441
1777902007.676931,2.591000,369.914459,260.072357
1777902007.688059,2.612000,369.857147,260.045441
1777902007.699186,2.581000,369.857147,260.045441
1777902007.710313,2.561000,369.857147,260.045441
1777902007.721442,2.591000,369.914459,260.072357
1777902007.732569,2.576000,369.796051,260.046051
1777902007.743695,2.581000,369.857147,260.045441
1777902007.754824,2.591000,369.914459,260.072357
1777902007.765951,2.581000,369.857147,260.045441
1777902007.777078,2.571000,369.914459,260.072357
1777902007.788206,2.606000,369.857147,260.045441
1777902007.799334,2.596000,369.914459,260.072357
1777902007.810461,2.606000,369.857147,260.045441
1777902007.821589,2.581000,369.857147,260.045441
1777902007.832716,2.561000,369.857147,260.045441
1777902007.843843,2.591000,369.914459,260.072357
1777902007.854971,2.596000,369.857147,260.045441
1777902007.866098,2.581000,369.857147,260.045441
1777902007.877225,2.581000,369.857147,260.045441
1777902007.888354,2.581000,369.916656,260.070526
1777902007.899481,2.581000,369.914459,260.072357
1777902007.910608,2.556000,369.857147,260.045441
1777902007.921736,2.576000,369.857147,260.045441
1777902007.932863,2.546000,369.914459,260.072357
1777902007.943990,2.591000,369.857147,260.045441
1777902007.955117,2.596000,369.914459,260.072357
1777902007.966245,2.576000,369.857147,260.045441
1777902007.977372,2.606000,369.914459,260.072357
1777902007.988499,2.546000,369.921448,260.125275
1777902007.999627,2.571000,369.857147,260.045441
1777902008.010754,2.576000,369.857147,260.045441
1777902008.021882,2.606000,369.978485,260.152679
1777902008.033010,2.591000,369.857147,260.045441
1777902008.044137,2.556000,369.914459,260.072357
1777902008.055264,2.612000,369.857147,260.045441
1777902008.066392,2.556000,369.914459,260.072357
1777902008.077519,2.576000,369.857147,260.045441
1777902008.088646,2.541000,369.914459,260.072357
1777902008.099774,2.576000,369.881592,260.105255
1777902008.110901,2.591000,369.857147,260.045441
1777902008.122028,2.596000,369.857147,260.045441
1777902008.133157,2.617000,369.857147,260.045441
1777902008.144284,2.581000,369.857147,260.045441
1777902008.155411,2.561000,369.914459,260.072357
1777902008.166539,2.576000,369.914459,260.072357
1777902008.177666,2.546000,369.857147,260.045441
1777902008.188793,2.576000,369.916656,260.070526
1777902008.199921,2.571000,369.857147,260.045441
1777902008.211048,2.571000,369.857147,260.045441
1777902008.222175,2.596000,369.884613,259.987183
1777902008.233303,2.612000,369.914459,260.072357
1777902008.244430,2.581000,369.914459,260.072357
1777902008.255557,2.576000,369.914459,260.072357
1777902008.266685,2.576000,369.914459,260.072357
1777902008.277812,2.612000,369.914459,260.072357
1777902008.288940,2.556000,369.881592,260.105255
1777902008.300068,2.576000,369.857147,260.045441
1777902008.311195,2.591000,369.914459,260.072357
1777902008.322322,2.581000,369.916656,260.070526
1777902008.333450,2.576000,369.914459,260.072357
1777902008.344577,2.576000,369.884613,259.987183
1777902008.355704,2.581000,369.857147,260.045441
1777902008.366832,2.591000,369.978485,260.152679
1777902008.377959,2.546000,369.857147,260.045441
1777902008.389086,2.541000,369.978485,260.152679
1777902008.400214,2.576000,369.857147,260.045441
1777902008.411342,2.612000,369.857147,260.045441
1777902008.422469,2.612000,369.857147,260.045441
1777902008.433596,2.591000,369.857147,260.045441
1777902008.444724,2.591000,369.914459,260.072357
1777902008.455851,2.581000,369.914459,260.072357
1777902008.466978,2.596000,369.857147,260.045441
1777902008.478106,2.576000,369.857147,260.045441
1777902008.489233,2.546000,369.921448,260.125275
1777902008.500360,2.546000,369.857147,260.045441
1777902008.511488,2.561000,369.914459,260.072357
1777902008.522615,2.591000,369.857147,260.045441
1777902008.533742,2.576000,369.857147,260.045441
1777902008.544871,2.606000,369.857147,260.045441
1777902008.555998,2.596000,369.857147,260.045441
1777902008.567125,2.571000,369.857147,260.045441
1777902008.578253,2.581000,369.857147,260.045441
1777902008.589380,2.571000,369.914459,260.072357
1777902008.600507,2.581000,369.857147,260.045441
1777902008.611635,2.581000,369.914459,260.072357
1777902008.622762,2.591000,369.857147,260.045441
1777902008.633889,2.576000,369.857147,260.045441
1777902008.645017,2.596000,369.857147,260.045441
1777902008.656145,2.581000,369.914459,260.072357
1777902008.667271,2.606000,369.914459,260.072357
1777902008.678400,2.596000,369.914459,260.072357
1777902008.689527,2.581000,369.857147,260.045441
1777902008.700654,2.561000,369.857147,260.045441
1777902008.711782,2.541000,369.914459,260.072357
1777902008.722909,2.556000,369.857147,260.045441
1777902008.734036,2.576000,369.857147,260.045441
1777902008.745164,2.591000,369.857147,260.045441
1777902008.756291,2.581000,369.914459,260.072357
1777902008.767418,2.576000,369.914459,260.072357
1777902008.778546,2.591000,369.857147,260.045441
1777902008.789673,2.606000,369.857147,260.045441
1777902008.800801,2.571000,369.884613,259.987183
1777902008.811929,2.581000,369.914459,260.072357
1777902008.823056,2.606000,369.857147,260.045441
1777902008.834183,2.576000,369.857147,260.045441
1777902008.845310,2.576000,369.884613,259.987183
1777902008.856438,2.606000,369.857147,260.045441
1777902008.867565,2.606000,369.914459,260.072357
1777902008.878692,2.591000,369.857147,260.045441
1777902008.889820,2.612000,369.916656,260.070526
1777902008.900947,2.581000,369.914459,260.072357
1777902008.912074,2.556000,369.857147,260.045441
1777902008.923202,2.596000,369.914459,260.072357
1777902008.934330,2.556000,369.857147,260.045441
1777902008.945457,2.612000,369.857147,260.045441
1777902008.956585,2.581000,369.914459,260.072357
1777902008.967712,2.556000,369.914459,260.072357
1777902008.978839,2.596000,369.857147,260.045441
1777902008.989967,2.576000,369.857147,260.045441
1777902009.001094,2.576000,369.914459,260.072357
1777902009.012221,2.606000,369.857147,260.045441
1777902009.023349,2.581000,369.914459,260.072357
1777902009.034476,2.546000,369.914459,260.072357
1777902009.045603,2.571000,369.974030,260.097412
1777902009.056731,2.581000,369.916656,260.070526
1777902009.067859,2.576000,369.914459,260.072357
1777902009.078986,2.576000,370.000000,260.038452
1777902009.090114,2.591000,369.974030,260.058441
1777902009.101241,2.576000,370.036102,260.138000
1777902009.112368,2.591000,369.974030,260.097412
1777902009.123496,2.546000,370.115936,260.103516
1777902009.134623,2.576000,370.092255,260.161438
1777902009.145750,2.596000,370.092255,260.161438
1777902009.156878,2.591000,370.092255,260.161438
1777902009.168005,2.561000,370.092255,260.161438
1777902009.179132,2.546000,370.115936,260.103516
1777902009.190260,2.546000,370.092255,260.161438
1777902009.201388,2.606000,370.115936,260.103516
1777902009.212515,2.581000,370.115936,260.103516
1777902009.223643,2.596000,370.115936,260.103516
1777902009.234770,2.556000,370.092255,260.161438
1777902009.245897,2.581000,370.032043,260.083344
1777902009.257025,2.581000,370.115936,260.103516
1777902009.268152,2.571000,370.032043,260.083344
1777902009.279279,2.576000,370.056976,260.025330
1777902009.290406,2.561000,370.092255,260.161438
1777902009.301534,2.576000,370.092255,260.161438
1777902009.312661,2.561000,370.036102,260.176208
1777902009.323789,2.571000,370.032043,260.083344
1777902009.334917,2.596000,370.036102,260.138000
1777902009.346044,2.571000,370.092255,260.161438
1777902009.357171,2.581000,370.032043,260.083344
1777902009.368299,2.571000,370.092255,260.161438
1777902009.379426,2.581000,370.092255,260.161438
1777902009.390553,2.556000,370.032043,260.083344
1777902009.401681,2.571000,370.025970,259.941559
1777902009.412808,2.546000,369.967957,259.916656
1777902009.423935,2.561000,369.967957,259.773499
1777902009.435063,2.591000,369.942322,259.647430
1777902009.446190,2.546000,369.930389,259.582275
1777902009.457317,2.606000,370.012817,259.435883
1777902009.468446,2.612000,370.013153,259.565796
1777902009.479573,2.576000,370.013153,259.565796
1777902009.490700,2.622000,370.048218,259.492676
1777902009.501828,2.561000,369.987183,259.564117
1777902009.512955,2.556000,369.942322,259.647430
1777902009.524082,2.576000,370.000000,259.695190
1777902009.535210,2.571000,370.025970,259.757568
1777902009.546337,2.521000,369.967957,259.773499
1777902009.557464,2.541000,370.090515,259.836639
1777902009.568592,2.556000,370.085541,259.780701
1777902009.579720,2.507000,370.152130,259.861298
1777902009.590847,2.507000,370.265808,259.864929
1777902009.601975,2.526000,370.209717,259.889618
1777902009.613101,2.546000,370.268402,259.809509
1777902009.624229,2.521000,370.447357,259.793854
1777902009.635357,2.526000,370.447357,259.793854
1777902009.646484,2.591000,370.466675,259.731110
1777902009.657611,2.541000,370.466675,259.731110
1777902009.668739,2.581000,370.467529,259.597412
1777902009.679866,2.571000,370.513000,259.629883
1777902009.690993,2.556000,370.573334,259.664459
1777902009.713248,2.561000,370.573334,259.664459
1777902009.724375,2.576000,370.626923,259.459167
1777902009.735502,2.596000,370.688446,259.466217
1777902009.746631,2.581000,370.616791,259.321991
1777902009.757758,2.571000,370.922424,259.190765
1777902009.768885,2.591000,370.941559,259.013000
1777902009.780013,2.546000,370.967957,258.916656
1777902009.791140,2.576000,371.090515,258.836639
1777902009.802267,2.581000,371.184265,258.554871
1777902009.813395,2.576000,371.326965,258.301483
1777902009.824522,2.571000,371.447357,257.960541
1777902009.835649,2.591000,371.322662,257.786316
1777902009.846777,2.576000,371.421814,257.555542
1777902009.857904,2.571000,371.439667,257.333344
1777902009.869032,2.606000,371.601685,256.882599
1777902009.880160,2.606000,371.599182,256.752563
1777902009.891287,2.571000,371.569611,256.405060
1777902009.902414,2.596000,371.697723,256.018646
1777902009.913543,2.576000,371.660461,255.884064
1777902009.924670,2.591000,371.723236,255.664642
1777902009.935797,2.591000,371.832336,255.555557
1777902009.946925,2.596000,371.970245,255.577377
1777902009.958052,2.622000,372.081848,255.493011
1777902009.969179,2.622000,372.023529,255.558823
1777902009.980308,2.622000,372.137360,255.644440
1777902009.991435,2.556000,372.196686,256.022766
1777902010.002562,2.571000,372.227753,256.066254
1777902010.013690,2.576000,372.313141,256.286865
1777902010.024817,2.596000,372.448730,256.660248
1777902010.035944,2.633000,372.447357,256.793854
1777902010.047072,2.606000,372.613678,257.194275
1777902010.058200,2.596000,372.571442,257.532471
1777902010.069327,2.633000,372.765350,257.973694
1777902010.080455,2.617000,372.691620,258.287994
1777902010.091582,2.596000,372.687347,258.627594
1777902010.102710,2.627000,372.745911,258.193481
1777902010.113838,2.606000,372.765350,257.973694
1777902010.124965,2.596000,372.848694,257.767548
1777902010.136092,2.617000,372.848694,257.767548
1777902010.147220,2.596000,372.881592,257.695190
1777902010.158347,2.596000,373.031311,257.821014
1777902010.169475,2.622000,373.032196,257.857483
1777902010.180602,2.617000,373.092957,257.873016
1777902010.191730,2.606000,373.092957,257.873016
1777902010.202857,2.627000,373.092957,257.873016
1777902010.213984,2.622000,373.278168,257.871277
1777902010.225112,2.622000,373.335602,257.900238
1777902010.236240,2.638000,373.335602,257.900238
1777902010.247367,2.638000,373.425690,258.047302
1777902010.258495,2.648000,373.404114,258.109589
1777902010.269622,2.617000,373.500000,258.500000
1777902010.280750,2.617000,373.464355,258.781616
1777902010.291878,2.606000,373.410431,258.811798
1777902010.303005,2.627000,373.410431,258.811798
1777902010.314132,2.633000,373.464355,258.781616
1777902010.325260,2.617000,373.464355,258.781616
1777902010.336387,2.596000,373.464355,258.781616
1777902010.347514,2.612000,373.464355,258.781616
1777902010.358643,2.622000,373.595886,258.890411
1777902010.369770,2.606000,373.628387,258.952698
1777902010.380897,2.617000,373.628387,258.952698
1777902010.392025,2.612000,373.799988,258.885071
1777902010.403152,2.606000,373.799988,258.885071
1777902010.414279,2.606000,373.921997,258.895996
1777902010.425408,2.617000,373.972015,258.855469
1777902010.436535,2.617000,373.972015,258.855469
1777902010.447662,2.561000,374.219116,258.883453
1777902010.458790,2.617000,374.278168,258.871277
1777902010.469918,2.622000,374.296051,258.806519
1777902010.481045,2.643000,374.558746,258.561157
1777902010.492173,2.670000,374.579193,258.153656
1777902010.503300,2.638000,374.695251,257.747620
1777902010.514427,2.638000,374.578583,257.907135
1777902010.525555,2.638000,374.648590,257.839783
1777902010.536683,2.638000,374.738617,257.467621
1777902010.547810,2.617000,374.868164,257.572144
1777902010.558938,2.622000,374.866150,257.500000
1777902010.570065,2.606000,375.055542,257.460327
1777902010.581192,2.638000,375.069244,257.310242
1777902010.592320,2.612000,375.176758,257.068176
1777902010.603448,2.606000,375.203979,257.000000
1777902010.614575,2.612000,375.252594,256.828125
1777902010.625702,2.617000,375.572174,256.616791
1777902010.636830,2.638000,375.625336,256.390167
1777902010.647958,2.627000,375.923889,255.923889
1777902010.659085,2.643000,375.961548,255.689743
1777902010.670213,2.643000,376.111115,255.368561
1777902010.681340,2.659000,376.233337,255.038467
1777902010.692467,2.627000,376.305786,254.592285
1777902010.703595,2.617000,376.436493,254.298935
1777902010.714723,2.633000,376.698151,253.664047
1777902010.725850,2.591000,377.054199,253.249329
1777902010.736978,2.627000,377.055542,252.460312
1777902010.748105,2.596000,377.151764,251.815720
1777902010.759232,2.617000,377.170807,251.341599
1777902010.770361,2.627000,377.232483,250.380951
1777902010.781487,2.606000,377.435272,249.559235
1777902010.792615,2.627000,377.693329,248.589340
1777902010.803743,2.606000,377.693329,247.589340
1777902010.814870,2.612000,377.698151,246.664047
1777902010.825997,2.617000,377.820099,245.492065
1777902010.837126,2.627000,377.820099,244.492065
1777902010.848253,2.606000,377.625000,243.294266
1777902010.859380,2.612000,377.669220,241.895676
1777902010.870508,2.617000,377.707367,240.811707
1777902010.881635,2.606000,377.627167,239.466660
1777902010.892762,2.591000,377.442017,237.971008
1777902010.903890,2.576000,377.184906,236.841843
1777902010.915017,2.606000,377.123444,235.160492
1777902010.926145,2.561000,376.871979,233.714981
1777902010.937273,2.576000,376.611481,232.114944
1777902010.948400,2.581000,376.393341,230.764450
1777902010.959527,2.591000,375.942322,229.055557
1777902010.970655,2.591000,375.518738,227.562500
1777902010.981782,2.591000,375.177643,226.205582
1777902010.992909,2.591000,374.844818,224.597702
1777902011.004037,2.596000,374.229645,223.238892
1777902011.015164,2.581000,373.853607,221.932983
1777902011.026292,2.576000,373.260010,220.583328
1777902011.037419,2.596000,372.661926,219.263824
1777902011.048547,2.541000,372.072113,218.043274
1777902011.059674,2.581000,371.476624,217.051407
1777902011.070801,2.591000,370.749207,215.952377
1777902011.081929,2.571000,370.151947,214.903870
1777902011.093056,2.531000,369.546295,214.000000
1777902011.104183,2.612000,368.948608,212.990662
1777902011.115311,2.483000,368.161377,212.282059
1777902011.126438,2.571000,367.550537,211.544495
1777902011.137565,2.483000,366.898163,210.972229
1777902011.148694,2.521000,366.455750,210.352509
1777902011.159821,2.493000,365.612610,209.950455
1777902011.170948,2.546000,365.087708,209.456146
1777902011.182076,2.512000,364.544250,208.973450
1777902011.193203,2.541000,363.953003,208.589737
1777902011.204330,2.531000,363.412292,208.323105
1777902011.215458,2.546000,362.899292,208.055313
1777902011.226585,2.581000,362.333344,207.807465
1777902011.237712,2.531000,361.953796,207.579834
1777902011.248841,2.556000,361.493011,207.466385
1777902011.259968,2.571000,361.046204,207.478989
1777902011.271095,2.526000,360.756561,207.349930
1777902011.282223,2.561000,360.251801,207.336197
1777902011.293350,2.576000,360.035370,207.352386
1777902011.304477,2.521000,359.663849,207.299438
1777902011.315605,2.571000,359.310822,207.410690
1777902011.326732,2.571000,359.053009,207.440720
1777902011.337859,2.541000,358.982910,207.551285
1777902011.348988,2.556000,358.628052,207.715302
1777902011.360115,2.546000,358.433044,207.924103
1777902011.371242,2.556000,358.234528,208.020645
1777902011.382370,2.561000,358.012817,208.173782
1777902011.393497,2.502000,357.897430,208.500000
1777902011.404624,2.561000,357.662384,208.612305
1777902011.415752,2.546000,357.426178,208.837143
1777902011.426879,2.497000,357.407074,209.056046
1777902011.438006,2.526000,357.202850,209.324829
1777902011.449135,2.526000,357.030182,209.538788
1777902011.460262,2.502000,356.982452,209.709061
1777902011.471389,2.531000,356.869324,210.086639
1777902011.482517,2.517000,356.813690,210.215424
1777902011.493644,2.531000,356.645935,210.401474
1777902011.504771,2.497000,356.548401,210.803375
1777902011.515898,2.512000,356.548401,210.913971
1777902011.527026,2.531000,356.450012,211.184845
1777902011.538153,2.521000,356.441956,211.424103
1777902011.549280,2.546000,356.448547,211.784943
1777902011.560408,2.596000,356.379425,211.863281
1777902011.571536,2.517000,356.377167,212.020340
1777902011.582663,2.497000,356.426605,212.266052
1777902011.593791,2.546000,356.388641,212.597549
1777902011.604918,2.507000,356.480438,212.757431
1777902011.616045,2.493000,356.471588,212.863281
1777902011.627173,2.517000,356.475952,213.052887
1777902011.638300,2.561000,356.592590,213.186798
1777902011.649427,2.612000,356.642975,213.375992
1777902011.660555,2.576000,356.747223,213.442337
1777902011.671683,2.561000,356.971161,213.671478
1777902011.682810,2.596000,357.181671,213.807266
1777902011.693938,2.581000,357.245697,213.870102
1777902011.705065,2.517000,357.384369,213.867630
1777902011.716192,2.596000,357.456146,213.834137
1777902011.727320,2.561000,357.606781,213.844666
1777902011.738447,2.561000,357.822540,213.787735
1777902011.749574,2.571000,358.106201,213.674835
1777902011.760702,2.591000,358.206268,213.450500
1777902011.771830,2.591000,358.419556,213.227203
1777902011.782957,2.576000,358.524261,213.072815
1777902011.794085,2.591000,358.767181,212.785599
1777902011.805212,2.561000,359.165863,212.266663
1777902011.816339,2.561000,359.359100,211.919479
1777902011.827467,2.581000,359.584564,211.298843
1777902011.838594,2.591000,359.727417,210.853851
1777902011.849721,2.571000,360.204254,210.276138
1777902011.860849,2.571000,360.384369,209.762360
1777902011.871976,2.576000,360.727417,208.853851
1777902011.883103,2.576000,361.072113,208.043274
1777902011.894232,2.581000,361.320068,207.237152
1777902011.905358,2.581000,361.649109,206.545456
1777902011.916486,2.561000,362.097351,205.617157
1777902011.927613,2.561000,362.338074,204.736176
1777902011.938740,2.531000,362.658691,203.650711
1777902011.949868,2.531000,363.202271,202.451462
1777902011.960995,2.581000,363.613464,201.353683
1777902011.972123,2.561000,363.809082,200.214401
1777902011.983250,2.541000,364.279114,199.020737
1777902011.994377,2.507000,364.620178,197.899033
1777902012.005505,2.556000,365.243286,196.755127
1777902012.016632,2.591000,365.561890,195.419052
1777902012.027759,2.526000,366.123810,194.052383
1777902012.038887,2.517000,366.518005,192.860718
1777902012.050014,2.526000,367.048523,191.386536
1777902012.061141,2.531000,367.621704,190.110077
1777902012.072269,2.512000,368.167419,188.814301
1777902012.083396,2.493000,368.687988,187.403351
1777902012.094523,2.576000,369.356384,185.941635
1777902012.105651,2.531000,369.796051,184.621002
1777902012.116778,2.502000,370.523804,183.222733
1777902012.127906,2.561000,371.135468,181.882797
1777902012.139034,2.507000,371.687988,180.403351
1777902012.150161,2.502000,372.401550,178.968994
1777902012.161288,2.531000,373.167419,177.814301
1777902012.172416,2.502000,373.743713,176.294815
1777902012.183543,2.488000,374.381592,174.865768
1777902012.194670,2.541000,375.133911,173.490540
1777902012.205798,2.488000,375.810364,172.228149
1777902012.216925,2.502000,376.383698,170.754074
1777902012.228052,2.541000,377.232635,169.448227
1777902012.239180,2.502000,377.810364,168.228149
1777902012.250307,2.638000,378.371613,167.700455
1777902012.261434,2.617000,379.434509,165.410721
1777902012.272562,2.483000,380.272430,164.062500
1777902012.283689,2.512000,380.770355,163.152588
1777902012.294816,2.507000,381.394592,162.139603
1777902012.305944,2.497000,382.084045,161.065826
1777902012.317071,2.576000,382.874817,159.883270
1777902012.328198,2.493000,383.680725,158.749649
1777902012.339326,2.521000,384.099030,158.027893
1777902012.350453,2.531000,384.892609,157.037659
1777902012.361581,2.507000,385.510559,156.267227
1777902012.372709,2.606000,385.815552,155.839249
1777902012.383836,2.617000,386.461548,155.315582
1777902012.394963,2.493000,387.339996,154.149994
1777902012.406090,2.502000,387.928284,153.591080
1777902012.417218,2.497000,388.578125,153.026047
1777902012.428345,2.507000,388.883087,152.802521
1777902012.439472,2.483000,389.336151,152.580505
1777902012.450600,2.479000,389.642365,152.549255
1777902012.461727,2.469000,390.000000,152.500000
1777902012.472854,2.474000,390.435059,152.491302
1777902012.483982,2.460000,390.774628,152.835358
1777902012.495109,2.483000,390.964600,153.078171
1777902012.506236,2.465000,391.190247,153.589218
1777902012.517364,2.479000,391.588654,153.994675
1777902012.528491,2.479000,391.379425,154.872498
1777902012.539618,2.507000,391.292633,155.870102
1777902012.550746,2.526000,391.382111,156.865036
1777902012.561873,2.546000,391.454193,157.288803
1777902012.573000,2.442000,391.442322,158.241028
1777902012.584128,2.428000,391.442749,159.396942
1777902012.595255,2.596000,391.396149,160.415390
1777902012.606382,2.571000,391.252228,161.485428
1777902012.617511,2.541000,391.090332,162.591599
1777902012.628638,2.512000,390.962830,163.767944
1777902012.639765,2.612000,390.680756,165.142303
1777902012.650892,2.479000,390.375824,166.308105
1777902012.662019,2.517000,390.196411,167.437073
1777902012.673147,2.483000,389.904266,168.904266
1777902012.684275,2.697000,389.199554,171.287979
1777902012.695402,2.546000,389.142242,171.974136
1777902012.706529,2.521000,388.976013,173.154663
1777902012.717657,2.497000,388.551117,174.411682
1777902012.728784,2.497000,388.076813,175.662766
1777902012.739911,2.512000,387.691986,177.150665
1777902012.751039,2.521000,387.385956,178.462891
1777902012.762166,2.502000,386.923798,179.704758
1777902012.773293,2.517000,386.632629,181.093613
1777902012.784421,2.497000,386.098206,182.420471
1777902012.795548,2.488000,385.686035,183.645920
1777902012.806675,2.531000,385.219818,185.058914
1777902012.817803,2.561000,384.872894,186.163849
1777902012.828930,2.541000,384.392761,187.430435
1777902012.840057,2.512000,383.952179,188.539124
1777902012.851184,2.497000,383.533325,189.704346
1777902012.862312,2.576000,383.135956,190.921051
1777902012.873439,2.541000,382.651642,191.963959
1777902012.884566,2.561000,382.283173,192.938049
1777902012.895694,2.507000,381.868408,194.169586
1777902012.906821,2.526000,381.477478,195.165161
1777902012.917948,2.512000,381.022125,196.030975
1777902012.929076,2.556000,380.546417,197.115677
1777902012.940203,2.507000,380.283173,197.938049
1777902012.951330,2.517000,379.924774,199.039825
1777902012.962458,2.507000,379.448547,199.941635
1777902012.973585,2.541000,379.184021,200.865768
1777902012.984712,2.502000,378.717255,201.735123
1777902012.995840,2.497000,378.319519,202.794159
1777902013.006967,2.521000,377.939789,203.455215
1777902013.018094,2.502000,377.640106,204.486725
1777902013.029222,2.521000,377.371216,205.121216
1777902013.040349,2.556000,377.080353,205.941971
1777902013.051476,2.531000,376.694946,206.703873
1777902013.062604,2.497000,376.454956,207.477478
1777902013.073731,2.556000,376.030701,208.191513
1777902013.084858,2.502000,375.799988,208.968185
1777902013.095986,2.526000,375.480438,209.757431
1777902013.107113,2.561000,375.316589,210.302887
1777902013.118240,2.571000,375.040192,211.080353
1777902013.129368,2.561000,374.825043,211.788834
1777902013.140495,2.561000,374.571198,212.363632
1777902013.151622,2.521000,374.401550,212.922485
1777902013.162750,2.521000,374.134247,213.697525
1777902013.173877,2.541000,374.047607,214.287247
1777902013.185004,2.531000,373.779358,214.909531
1777902013.196132,2.541000,373.589142,215.513184
1777902013.207259,2.571000,373.500000,216.000000
1777902013.218386,2.571000,373.361755,216.665085
1777902013.229514,2.556000,373.328583,217.135864
1777902013.240641,2.571000,373.182861,217.741104
1777902013.251768,2.581000,373.169922,218.369278
1777902013.262896,2.591000,373.049255,218.824295
1777902013.274023,2.571000,373.053864,219.284515
1777902013.285150,2.556000,373.015076,219.896149
1777902013.296277,2.591000,372.934357,220.404037
1777902013.307405,2.571000,372.928925,220.783417
1777902013.318532,2.571000,373.054413,221.343536
1777902013.329659,2.591000,373.034027,221.717682
1777902013.340787,2.561000,373.111694,221.989685
1777902013.351914,2.591000,373.140350,222.389481
1777902013.363041,2.571000,373.238098,222.697281
1777902013.374169,2.581000,373.338654,223.026596
1777902013.385296,2.571000,373.425049,223.345673
1777902013.396423,2.591000,373.606384,223.489365
1777902013.407551,2.581000,373.717377,223.478256
1777902013.418678,2.571000,373.863708,223.736649
1777902013.429805,2.591000,373.989136,223.940216
1777902013.440933,2.581000,374.173767,223.840424
1777902013.452060,2.576000,374.412598,223.630630
1777902013.463187,2.606000,374.772888,223.472534
1777902013.474315,2.591000,374.927765,223.275925
1777902013.485442,2.591000,375.057983,222.989136
1777902013.496569,2.581000,375.418488,222.538040
1777902013.507697,2.596000,375.634399,222.197128
1777902013.518824,2.546000,375.901855,221.483337
1777902013.529951,2.571000,376.363007,220.766144
1777902013.541079,2.591000,376.638306,220.138290
1777902013.552206,2.517000,377.094971,219.224014
1777902013.563333,2.561000,377.348877,218.322968
1777902013.574461,2.546000,377.720764,217.338562
1777902013.585588,2.531000,378.245239,216.322968
1777902013.596715,2.556000,378.597076,214.990295
1777902013.607843,2.556000,378.942871,213.746033
1777902013.618970,2.556000,379.346405,212.581696
1777902013.630097,2.526000,379.864532,211.126328
1777902013.641225,2.507000,380.418915,209.746246
1777902013.652352,2.571000,380.864532,208.126328
1777902013.663479,2.541000,381.232330,206.656570
1777902013.674607,2.556000,381.750732,205.008698
1777902013.685734,2.541000,382.174347,203.269180
1777902013.696861,2.541000,382.755646,201.616196
1777902013.707989,2.531000,383.234283,199.851410
1777902013.719116,2.541000,383.714111,198.067200
1777902013.730243,2.561000,384.311096,196.244446
1777902013.741370,2.561000,384.647125,194.360199
1777902013.752498,2.531000,385.267883,192.555145
1777902013.763624,2.546000,385.649872,190.588730
1777902013.774751,2.531000,386.235565,188.711426
1777902013.785879,2.502000,386.707611,186.765640
1777902013.797007,2.531000,387.219208,184.811295
1777902013.808134,2.526000,387.927551,182.853958
1777902013.819262,2.531000,388.308929,180.806046
1777902013.830389,2.507000,388.922302,179.013519
1777902013.841515,2.502000,389.365143,176.983505
1777902013.852643,2.531000,389.857300,175.142685
1777902013.863770,2.502000,390.464539,173.299057
1777902013.874897,2.502000,390.961487,171.412750
1777902013.886025,2.654000,390.962677,170.253326
1777902013.897152,2.488000,391.958679,167.508270
1777902013.908280,2.474000,392.575745,165.678528
1777902013.919407,2.483000,392.848938,164.163544
1777902013.930534,2.479000,393.345825,162.500626
1777902013.941661,2.479000,393.772461,160.883148
1777902013.952790,2.479000,394.098206,159.420471
1777902013.963917,2.474000,394.700684,157.774155
1777902013.975044,2.488000,395.262482,156.075684
1777902013.986171,2.451000,395.633209,154.593033
1777902013.997298,2.465000,395.951599,153.362900
1777902014.008425,2.469000,396.186554,152.149521
1777902014.019553,2.488000,396.631287,150.703400
1777902014.030680,2.460000,396.777313,149.629318
1777902014.041808,2.474000,397.045074,148.479507
1777902014.052936,2.474000,397.485504,147.526093
1777902014.064063,2.465000,397.668121,146.543472
1777902014.075189,2.451000,397.873657,145.768646
1777902014.086318,2.442000,398.106476,144.916672
1777902014.097445,2.437000,398.280609,144.341080
1777902014.108572,2.460000,398.386536,143.870102
1777902014.119699,2.469000,398.423065,143.258011
1777902014.130826,2.465000,398.548065,142.971161
1777902014.141954,2.479000,398.533966,142.917480
1777902014.153082,2.474000,398.533966,142.917480
1777902014.164208,2.469000,398.548065,142.971161
1777902014.175335,2.465000,398.548065,142.971161
1777902014.186463,2.479000,398.436890,143.197418
1777902014.197591,2.483000,398.344604,143.798706
1777902014.208718,2.460000,398.328583,144.135864
1777902014.219845,2.437000,398.226471,144.805420
1777902014.230973,2.455000,398.084930,145.538467
1777902014.242100,2.460000,397.622833,146.287949
1777902014.253227,2.465000,397.444458,147.129379
1777902014.264354,2.493000,397.304016,148.023148
1777902014.275481,2.469000,397.030975,149.135696
1777902014.286608,2.488000,396.610626,150.327591
1777902014.297737,2.474000,396.455750,151.477875
1777902014.308864,2.483000,396.170349,152.690155
1777902014.319990,2.460000,395.909515,153.646027
1777902014.331118,2.483000,395.489349,155.384399
1777902014.342246,2.512000,395.088898,156.916672
1777902014.353373,2.502000,394.456146,158.786285
1777902014.364501,2.469000,394.214386,159.749649
1777902014.375628,2.469000,393.915314,161.391129
1777902014.386755,2.479000,393.500000,162.977097
1777902014.397882,2.497000,393.035706,164.567459
1777902014.409009,2.493000,392.763580,165.794418
1777902014.420136,2.493000,392.181671,167.778824
1777902014.431264,2.596000,391.349457,170.349457
1777902014.442391,2.488000,391.163147,171.355835
1777902014.453519,2.526000,390.786194,172.837982
1777902014.464647,2.493000,390.219147,174.468506
1777902014.475773,2.512000,389.853912,176.347946
1777902014.486900,2.483000,389.182739,177.858429
1777902014.498028,2.521000,388.874023,179.507874
1777902014.509156,2.497000,388.289856,181.305664
1777902014.520283,2.502000,387.824768,182.839264
1777902014.531410,2.507000,387.295563,184.507812
1777902014.542537,2.517000,386.865875,186.335983
1777902014.553664,2.512000,386.254150,187.920822
1777902014.564792,2.502000,385.896820,189.460312
1777902014.575919,2.512000,385.368225,191.100769
1777902014.587046,2.526000,384.833344,192.611984
1777902014.598174,2.526000,384.289856,194.305664
1777902014.609301,2.479000,383.786194,195.837982
1777902014.620428,2.541000,383.258362,197.266403
1777902014.631555,2.507000,382.879883,198.731445
1777902014.642683,2.531000,382.308105,200.256302
1777902014.653810,2.493000,381.959351,201.597565
1777902014.664937,2.546000,381.383392,203.048645
1777902014.676065,2.541000,380.862915,204.343430
1777902014.687192,2.561000,380.347900,205.701599
1777902014.698319,2.517000,380.000000,207.000000
1777902014.709447,2.541000,379.482147,208.241074
1777902014.720574,2.556000,378.995605,209.323105
1777902014.731701,2.571000,378.581818,210.600006
1777902014.742829,2.556000,378.219666,211.821808
1777902014.753956,2.521000,377.547180,212.971695
1777902014.765083,2.556000,377.312592,213.948959
1777902014.776211,2.561000,376.665070,215.033340
1777902014.787338,2.526000,376.364075,216.009705
1777902014.798465,2.521000,375.796478,216.961533
1777902014.809593,2.556000,375.533966,217.917480
1777902014.820720,2.561000,375.176575,218.844879
1777902014.831847,2.556000,374.734039,219.644211
1777902014.842975,2.556000,374.281799,220.525772
1777902014.854102,2.591000,374.035095,221.378952
1777902014.865230,2.591000,373.810577,222.140259
1777902014.876358,2.576000,373.370758,222.771835
1777902014.887485,2.576000,372.962769,223.454376
1777902014.898612,2.591000,372.863647,224.196976
1777902014.909740,2.571000,372.602264,224.602280
1777902014.920867,2.576000,372.091949,225.227966
1777902014.931994,2.581000,371.879150,225.740738
1777902014.943123,2.591000,371.777130,226.161743
1777902014.954250,2.576000,371.528412,226.539780
1777902014.965377,2.606000,371.138550,226.909637
1777902014.976505,2.591000,371.067078,227.347565
1777902014.987632,2.571000,370.963867,227.500000
1777902014.998759,2.596000,370.795959,227.779800
1777902015.009887,2.612000,370.685425,227.962494
1777902015.021014,2.591000,370.624481,227.987335
1777902015.032142,2.596000,370.562500,227.987503
1777902015.043270,2.571000,370.287201,228.035645
1777902015.054397,2.581000,370.164642,227.963409
1777902015.065524,2.581000,370.083344,227.934525
1777902015.076651,2.627000,370.031250,227.766663
1777902015.087779,2.612000,370.076935,227.677353
1777902015.098907,2.571000,370.081238,227.220840
1777902015.110034,2.596000,370.227753,227.022781
1777902015.121162,2.591000,370.098755,226.611115
1777902015.132289,2.591000,370.432312,226.076767
1777902015.143416,2.591000,370.634918,225.660721
1777902015.154544,2.617000,370.624481,224.987335
1777902015.165671,2.581000,370.780396,224.482346
1777902015.176798,2.591000,370.864258,223.864273
1777902015.187927,2.638000,371.105896,222.988235
1777902015.199054,2.581000,371.265106,222.265106
1777902015.210181,2.591000,371.534485,221.264374
1777902015.221309,2.561000,371.790253,220.359558
1777902015.232436,2.571000,372.005707,219.430481
1777902015.243563,2.581000,372.319214,218.398590
1777902015.254691,2.576000,372.704102,217.344025
1777902015.265818,2.561000,373.093964,216.047867
1777902015.276946,2.576000,373.363007,214.652710
1777902015.288074,2.546000,373.666656,213.484207
1777902015.299201,2.526000,374.235962,212.244217
1777902015.310328,2.561000,374.475037,210.706924
1777902015.321456,2.556000,374.915527,209.107086
1777902015.332583,2.512000,375.418915,207.746246
1777902015.343710,2.502000,375.982452,205.951752
1777902015.354839,2.571000,376.398315,204.508469
1777902015.365966,2.526000,376.811523,202.862167
1777902015.377093,2.541000,377.330658,201.170013
1777902015.388221,2.497000,377.896820,199.460312
1777902015.399348,2.517000,378.349548,197.579269
1777902015.410475,2.497000,378.827484,195.833984
1777902015.421603,2.502000,379.533844,194.063904
1777902015.421603,2.502000,379.533844,194.063904
1777902015.443858,2.571000,380.482025,190.456833
1777902015.466113,2.526000,381.572266,186.743591
1777902015.477240,2.571000,382.214783,184.978867
1777902015.488368,2.526000,382.790649,183.181290
1777902015.499495,2.502000,383.464539,181.299057
1777902015.510623,2.526000,384.167908,179.443604
1777902015.521750,2.531000,384.721588,177.535583
1777902015.532878,2.521000,385.427185,175.737671
1777902015.544005,2.497000,386.216858,173.774475
1777902015.555132,2.517000,386.441223,172.624802
1777902015.566260,2.460000,387.596680,170.018417
1777902015.577387,2.479000,388.163208,168.196411
1777902015.588514,2.502000,388.787537,166.605591
1777902015.599643,2.469000,389.545441,164.984848
1777902015.610770,2.633000,390.148712,163.365387
1777902015.621897,2.512000,390.874023,161.507874
1777902015.633025,2.483000,391.500000,159.977097
1777902015.644152,2.465000,392.051575,158.337296
1777902015.655279,2.497000,392.441162,157.088242
1777902015.666408,2.428000,393.617767,155.086960
1777902015.677535,2.346000,393.891327,153.371506
1777902015.688662,2.455000,394.511963,152.267227
1777902015.699790,2.502000,395.057007,150.842102
1777902015.710917,2.648000,395.551636,149.442474
1777902015.722044,2.648000,396.140900,148.081818
1777902015.733172,2.493000,396.547180,146.971695
1777902015.744299,2.455000,397.137817,145.714737
1777902015.755426,2.437000,397.611908,144.750397
1777902015.766555,2.442000,398.097351,143.597366
1777902015.777682,2.474000,398.478638,142.729919
1777902015.788809,2.451000,398.969391,141.681976
1777902015.799937,2.460000,399.275818,140.874786
1777902015.811064,2.483000,399.737854,140.125000
1777902015.822191,2.451000,399.922668,139.719925
1777902015.833320,2.424000,400.263245,139.275208
1777902015.844446,2.397000,400.510193,138.979599
1777902015.855574,2.363000,400.825562,138.768570
1777902015.866702,2.358000,400.870850,138.797562
1777902015.877829,2.367000,401.030914,138.725082
1777902015.888956,2.380000,401.162262,138.922394
1777902015.900084,2.437000,401.382416,139.165817
1777902015.911211,2.488000,401.373322,139.693329
1777902015.922338,2.488000,401.519226,140.248398
1777902015.933466,2.497000,401.547180,140.971695
1777902015.944594,2.479000,401.410004,141.790298
1777902015.955721,2.497000,401.418915,142.585587
1777902015.966848,2.465000,401.389374,143.561951
1777902015.977976,2.442000,401.236420,144.729813
1777902015.989103,2.437000,401.103210,146.029282
1777902016.000230,2.428000,400.994568,147.089798
1777902016.011358,2.460000,400.791992,148.468002
1777902016.022485,2.469000,400.445312,150.093750
1777902016.033612,2.451000,400.127594,151.582031
1777902016.044741,2.479000,399.958496,153.304794
1777902016.055868,2.451000,399.660339,154.822556
1777902016.066995,2.455000,399.254028,156.521683
1777902016.078123,2.497000,399.023621,158.145676
1777902016.089250,2.419000,398.802795,159.719025
1777902016.100378,2.521000,398.061798,161.904495
1777902016.111506,2.856000,397.449158,164.624298
1777902016.122633,2.512000,397.244659,166.467987
1777902016.133760,2.479000,397.068512,167.851334
1777902016.144888,2.469000,396.602509,169.746857
1777902016.156015,2.469000,396.088440,171.764175
1777902016.167142,2.531000,395.735138,173.711563
1777902016.178270,2.502000,395.112244,175.787979
1777902016.189397,2.419000,394.522980,177.796234
1777902016.200524,2.428000,393.976807,179.722839
1777902016.211653,2.483000,393.428741,181.822800
1777902016.222780,2.502000,392.831360,183.815552
1777902016.233907,2.479000,392.326447,185.803024
1777902016.245035,2.488000,391.860291,187.679108
1777902016.256162,2.517000,391.162964,189.745178
1777902016.267289,2.488000,390.573761,191.728607
1777902016.278417,2.488000,390.033020,193.710693
1777902016.289544,2.556000,389.302277,195.625824
1777902016.300672,2.531000,388.772583,197.458328
1777902016.311800,2.561000,388.087341,199.301254
1777902016.322927,2.576000,387.655975,201.039215
1777902016.334054,2.571000,386.936249,202.816025
1777902016.345182,2.571000,386.283539,204.517242
1777902016.356309,2.581000,385.750488,206.300201
1777902016.367436,2.581000,385.155548,207.676773
1777902016.378564,2.561000,384.601624,209.186996
1777902016.389691,2.556000,384.032043,210.773499
1777902016.400819,2.576000,383.474670,212.137131
1777902016.411946,2.546000,382.987335,213.626587
1777902016.423074,2.591000,382.426666,214.913330
1777902016.434201,2.576000,381.754395,216.032898
1777902016.445328,2.596000,381.386322,217.326706
1777902016.456456,2.581000,380.858978,218.538467
1777902016.467583,2.612000,380.197357,219.668854
1777902016.478710,2.576000,379.657837,220.732895
1777902016.489839,2.571000,379.288300,221.599106
1777902016.512093,2.571000,378.354034,223.163223
1777902016.523221,2.612000,377.754395,224.032898
1777902016.534348,2.591000,377.369629,224.845810
1777902016.545475,2.596000,377.000000,225.434204
1777902016.556603,2.596000,376.446655,226.000000
1777902016.567730,2.591000,375.960541,226.695175
1777902016.578857,2.591000,375.668854,227.131577
1777902016.589986,2.596000,375.308563,227.700455
1777902016.601113,2.576000,374.876068,228.019226
1777902016.612240,2.612000,374.660187,228.199127
1777902016.623368,2.556000,374.197357,228.668854
1777902016.634495,2.591000,373.852325,228.962021
1777902016.645622,2.581000,373.685425,229.000000
1777902016.656750,2.581000,373.385284,229.203461
1777902016.667877,2.596000,373.087494,229.550003
1777902016.679005,2.617000,372.905060,229.719406
1777902016.690133,2.581000,372.729156,229.918747
1777902016.701260,2.591000,372.445099,229.846313
1777902016.712387,2.606000,372.083344,229.934525
1777902016.723515,2.606000,372.030121,229.909637
1777902016.734642,2.581000,371.808075,229.898987
1777902016.745769,2.571000,371.808075,229.898987
1777902016.756897,2.581000,371.633728,229.841080
1777902016.768024,2.612000,371.584259,229.691010
1777902016.779152,2.591000,371.471924,229.556183
1777902016.790280,2.571000,371.471924,229.556183
1777902016.801407,2.561000,371.392059,229.335220
1777902016.812534,2.576000,371.296722,229.210022
1777902016.823662,2.576000,371.287872,228.954544
1777902016.834789,2.581000,371.357025,228.659378
1777902016.845916,2.556000,371.429352,228.429352
1777902016.857043,2.576000,371.437622,228.070770
1777902016.868171,2.561000,371.429596,227.725494
1777902016.879298,2.571000,371.591400,227.435486
1777902016.890425,2.576000,371.825226,226.962158
1777902016.901553,2.546000,371.956146,226.468414
1777902016.912680,2.502000,372.116486,225.989243
1777902016.923807,2.556000,372.373474,225.373474
1777902016.934935,2.561000,372.484375,224.838547
1777902016.946063,2.581000,372.699829,224.326355
1777902016.957190,2.571000,373.060608,223.489899
1777902016.968317,2.581000,373.309387,222.745300
1777902016.979445,2.546000,373.515137,222.186874
1777902016.990571,2.556000,373.829102,221.362091
1777902017.001699,2.502000,374.144775,220.434341
1777902017.012826,2.531000,374.395721,219.604263
1777902017.023954,2.561000,374.768341,218.641663
1777902017.035082,2.541000,375.215698,217.694443
1777902017.046208,2.497000,375.544556,216.707916
1777902017.057335,2.502000,375.930481,215.622437
1777902017.068464,2.512000,376.395721,214.604263
1777902017.079591,2.556000,376.760132,213.476639
1777902017.090718,2.546000,377.238098,212.247314
1777902017.101846,2.483000,377.671204,211.034683
1777902017.112973,2.517000,378.058044,209.883926
1777902017.124099,2.502000,378.636902,208.663696
1777902017.135227,2.526000,379.039459,207.114029
1777902017.146355,2.512000,379.556549,205.933640
1777902017.157482,2.521000,379.982452,204.820175
1777902017.168610,2.488000,380.577576,203.293106
1777902017.179737,2.502000,381.029907,201.927353
1777902017.190864,2.517000,381.606567,200.401642
1777902017.201992,2.512000,382.094025,198.991455
1777902017.213119,2.561000,382.673370,197.681396
1777902017.224246,2.502000,383.210815,196.226608
1777902017.235374,2.502000,383.765472,194.694336
1777902017.246501,2.497000,384.216278,193.435120
1777902017.257628,2.546000,384.715393,192.053848
1777902017.268756,2.502000,385.357056,190.661667
1777902017.279883,2.497000,385.911957,189.300629
1777902017.291010,2.546000,386.448486,187.895752
1777902017.302137,2.507000,387.025940,186.533340
1777902017.313265,2.507000,387.533325,185.187881
1777902017.324392,2.497000,388.113037,183.859283
1777902017.335519,2.502000,388.496399,182.549164
1777902017.346647,2.502000,389.047119,181.189636
1777902017.357774,2.479000,389.642944,180.123367
1777902017.368901,2.488000,390.252075,178.856308
1777902017.380029,2.479000,390.600922,177.605438
1777902017.391156,2.497000,391.213379,176.272202
1777902017.402283,2.479000,391.793549,175.171860
1777902017.413411,2.419000,392.141388,173.996552
1777902017.424538,2.469000,392.681244,172.920319
1777902017.435665,2.576000,393.068481,171.914383
1777902017.446793,2.497000,393.753662,170.753677
1777902017.457920,2.419000,394.156921,169.839630
1777902017.469047,2.393000,394.388885,169.093918
1777902017.480175,2.474000,394.528412,168.539780
1777902017.491302,2.622000,394.625793,167.500000
1777902017.502429,2.479000,395.552002,165.609344
1777902017.513557,2.483000,396.303467,164.141510
1777902017.524684,2.507000,396.614166,163.510376
1777902017.535811,2.483000,396.931152,162.554352
1777902017.546939,2.512000,396.852722,162.441864
1777902017.558066,2.541000,397.262756,161.463959
1777902017.569193,2.479000,397.901703,160.139603
1777902017.580321,2.507000,398.312592,159.084534
1777902017.591448,2.460000,398.356628,158.400742
1777902017.602575,2.460000,398.611328,157.523987
1777902017.613703,2.502000,398.792297,156.977615
1777902017.624830,2.502000,399.016113,156.361832
1777902017.635957,2.465000,399.220642,155.957748
1777902017.647085,2.460000,399.400696,155.580383
1777902017.658212,2.437000,399.439728,155.124115
1777902017.669339,2.437000,399.507080,154.793137
1777902017.680467,2.437000,399.567383,154.732864
1777902017.691594,2.442000,399.645386,154.676117
1777902017.702721,2.424000,399.626007,154.826950
1777902017.713849,2.419000,399.710388,155.021271
1777902017.724976,2.442000,399.671417,155.215897
1777902017.736103,2.451000,399.566437,155.722610
1777902017.747230,2.474000,399.654724,156.170853
1777902017.758358,2.442000,399.504059,156.837402
1777902017.769485,2.455000,399.489624,157.385834
1777902017.780612,2.455000,399.346710,158.153290
1777902017.791740,2.479000,399.024475,159.017487
1777902017.802867,2.483000,399.101318,159.709152
1777902017.813994,2.502000,398.755066,160.355438
1777902017.825122,2.541000,398.051727,162.026825
1777902017.836249,2.939000,397.500000,163.732635
1777902017.847376,2.856000,397.000000,165.000000
1777902017.858504,2.681000,397.034821,166.067169
1777902017.869632,2.497000,396.881256,166.881256
1777902017.880759,2.488000,396.616913,167.520828
1777902017.891887,2.493000,396.225311,168.813004
1777902017.903015,2.502000,395.777771,169.915237
1777902017.914142,2.526000,395.408173,170.962570
1777902017.925271,2.497000,394.948883,172.249710
1777902017.936398,2.479000,394.538086,173.425003
1777902017.947525,2.437000,393.978424,174.657074
1777902017.958653,2.465000,393.418762,175.845963
1777902017.969781,2.474000,392.986481,177.098404
1777902017.980908,2.479000,392.578674,178.384140
1777902017.992037,2.493000,391.880585,179.670395
1777902018.003164,2.502000,391.387207,180.977448
1777902018.014291,2.502000,390.870026,182.194336
1777902018.025420,2.483000,390.303253,183.354248
1777902018.036547,2.497000,389.732025,184.773849
1777902018.047674,2.546000,389.145905,186.018738
1777902018.058803,2.483000,388.575409,187.232803
1777902018.069930,2.479000,387.955658,188.479843
1777902018.081057,2.497000,387.379547,189.550415
1777902018.092186,2.493000,386.875885,190.831238
1777902018.103313,2.479000,386.135559,192.150757
1777902018.114440,2.507000,385.750702,193.336136
1777902018.125569,2.531000,385.098206,194.420471
1777902018.136696,2.502000,384.478271,195.656525
1777902018.147824,2.497000,383.906219,196.832611
1777902018.158952,2.521000,383.330353,197.866959
1777902018.170079,2.493000,382.858398,198.973450
1777902018.181206,2.483000,382.160858,200.021744
1777902018.192334,2.512000,381.652039,201.153503
1777902018.203462,2.521000,380.965515,202.158051
1777902018.214590,2.488000,380.377075,203.205124
1777902018.225717,2.488000,379.908966,204.160065
1777902018.236845,2.521000,379.448547,204.941635
1777902018.247973,2.502000,378.955750,206.000000
1777902018.259100,2.517000,378.426178,206.891937
1777902018.270229,2.497000,377.871674,207.793503
1777902018.281356,2.521000,377.455750,208.477875
1777902018.292483,2.526000,376.909760,209.320236
1777902018.303612,2.497000,376.448547,209.941635
1777902018.314739,2.502000,376.058044,210.883926
1777902018.325866,2.526000,375.696838,211.456894
1777902018.336995,2.521000,375.117401,212.021744
1777902018.348122,2.521000,374.735626,212.633621
1777902018.359250,2.521000,374.443970,213.331894
1777902018.370378,2.497000,373.982758,213.909485
1777902018.381505,2.488000,373.716522,214.405975
1777902018.392632,2.497000,373.248596,214.966095
1777902018.403761,2.517000,373.045074,215.479507
1777902018.414888,2.502000,372.811523,215.862167
1777902018.426016,2.502000,372.470734,216.429932
1777902018.437144,2.502000,372.183960,216.803589
1777902018.448272,2.488000,371.894379,217.194794
1777902018.459399,2.517000,371.738281,217.578506
1777902018.470527,2.507000,371.527557,217.839890
1777902018.481655,2.556000,371.357056,218.357056
1777902018.492782,2.502000,371.187653,218.492126
1777902018.503910,2.502000,370.956451,218.843536
1777902018.515038,2.483000,370.931458,219.294357
1777902018.526165,2.483000,370.812347,219.507874
1777902018.537294,2.479000,370.769745,219.665329
1777902018.548421,2.488000,370.612000,220.086670
1777902018.559548,2.512000,370.662689,220.272491
1777902018.570677,2.507000,370.596771,220.500000
1777902018.581804,2.479000,370.597046,220.653275
1777902018.592932,2.497000,370.614960,220.842178
1777902018.604060,2.507000,370.700012,221.126663
1777902018.615187,2.526000,370.835358,221.276657
1777902018.626315,2.541000,370.809509,221.323807
1777902018.637442,2.531000,370.966949,221.409088
1777902018.648571,2.531000,371.020325,221.479675
1777902018.659698,2.541000,371.172791,221.602722
1777902018.670825,2.561000,371.487610,221.450409
1777902018.681954,2.502000,371.554169,221.337494
1777902018.693081,2.526000,371.774017,221.225983
1777902018.704209,2.541000,371.974152,221.090515
1777902018.715337,2.526000,372.104340,220.895645
1777902018.726464,2.541000,372.440186,220.615387
1777902018.737592,2.526000,372.672302,220.436447
1777902018.748720,2.576000,372.973694,220.092102
1777902018.759848,2.541000,373.297455,219.675629
1777902018.770975,2.576000,373.710022,219.056808
1777902018.782104,2.493000,373.877045,218.638519
1777902018.793231,2.512000,374.131042,217.944443
1777902018.804358,2.512000,374.572021,217.234467
1777902018.815487,2.561000,374.903534,216.568802
1777902018.826614,2.561000,375.312042,215.805679
1777902018.837741,2.502000,375.835449,214.907806
1777902018.848870,2.531000,376.094025,213.991455
1777902018.859997,2.561000,376.554596,213.126236
1777902018.871124,2.526000,376.935883,211.978638
1777902018.882252,2.517000,377.282471,210.865814
1777902018.893380,2.517000,377.869690,209.735260
1777902018.904507,2.521000,378.270660,208.500000
1777902018.915635,2.512000,378.828613,207.244263
1777902018.926762,2.531000,379.234283,205.761719
1777902018.937890,2.512000,379.679932,204.572372
1777902018.949018,2.526000,380.165985,203.214188
1777902018.960145,2.502000,380.670624,201.670624
1777902018.971272,2.502000,381.244965,200.352280
1777902018.982400,2.517000,381.649261,198.783585
1777902018.993528,2.546000,382.248383,197.314026
1777902019.004655,2.531000,382.643372,195.569855
1777902019.015783,2.502000,383.314423,194.039001
1777902019.026910,2.556000,383.843262,192.421051
1777902019.038038,2.488000,384.415192,190.871338
1777902019.049166,2.488000,384.852356,189.230682
1777902019.060293,2.526000,385.434021,187.662033
1777902019.071420,2.497000,385.882294,185.935089
1777902019.082548,2.502000,386.591248,184.246994
1777902019.093676,2.531000,386.947937,182.685486
1777902019.104803,2.493000,387.703461,180.904129
1777902019.115930,2.561000,388.112915,179.222580
1777902019.127058,2.497000,388.756775,177.568939
1777902019.138186,2.488000,389.219604,175.871628
1777902019.149313,2.497000,389.752258,174.314194
1777902019.160441,2.488000,390.288971,172.645050
1777902019.171568,2.483000,390.714294,171.292328
1777902019.182696,2.561000,390.945312,170.046875
1777902019.193824,2.469000,391.905151,167.567642
1777902019.204951,2.497000,392.456390,165.847076
1777902019.216078,2.483000,392.850708,164.620377
1777902019.227206,2.469000,393.357544,163.092270
1777902019.238334,2.469000,393.913788,161.591949
1777902019.249461,2.479000,394.365143,159.983505
1777902019.260589,2.526000,394.481659,159.247208
1777902019.271717,2.474000,395.358856,157.178680
1777902019.282844,2.451000,395.767334,155.715027
1777902019.293972,2.437000,396.248383,154.314026
1777902019.305099,2.451000,396.522583,153.141632
1777902019.316226,2.460000,396.971008,151.913040
1777902019.327355,2.483000,397.284851,150.695755
1777902019.338482,2.455000,397.578674,149.384140
1777902019.349609,2.451000,397.946655,148.390305
1777902019.360737,2.451000,398.208191,147.376709
1777902019.371865,2.460000,398.545105,146.276947
1777902019.382992,2.469000,398.779816,145.414520
1777902019.394120,2.460000,399.114441,144.584579
1777902019.405247,2.428000,399.332123,143.859390
1777902019.416374,2.455000,399.481628,143.143387
1777902019.427503,2.410000,399.705170,142.595673
1777902019.438630,2.451000,399.851044,142.229553
1777902019.449757,2.502000,399.969482,141.942612
1777902019.460886,2.371000,400.071869,141.837677
1777902019.472013,2.346000,400.222626,141.779831
1777902019.483140,2.358000,400.326111,141.860413
1777902019.494268,2.371000,400.339386,141.975754
1777902019.505395,2.375000,400.309265,142.373886
1777902019.516523,2.358000,400.281219,142.844849
1777902019.527650,2.350000,400.159851,143.314743
1777902019.538778,2.354000,400.183868,143.930008
1777902019.549906,2.342000,399.957733,144.688965
1777902019.561033,2.342000,399.822235,145.491226
1777902019.572161,2.380000,399.679810,146.523300
1777902019.583288,2.419000,399.444458,147.547531
1777902019.594415,2.410000,399.194458,148.714127
1777902019.605544,2.410000,398.980652,149.874863
1777902019.616671,2.354000,398.767578,151.159866
1777902019.627798,2.393000,398.465759,152.589035
1777902019.638926,2.424000,398.171844,153.911194
1777902019.650054,2.384000,397.899323,155.426178
1777902019.661181,2.442000,397.467377,156.894424
1777902019.672309,2.465000,397.364349,158.153488
1777902019.683436,2.488000,396.604156,161.114578
1777902019.694563,2.483000,396.496277,161.677856
1777902019.705692,2.488000,396.288635,163.418900
1777902019.716819,2.474000,395.797455,165.264755
1777902019.727946,2.517000,395.243835,168.404922
1777902019.739074,2.451000,395.132324,169.197205
1777902019.750202,2.455000,394.641724,171.116791
1777902019.761329,2.465000,394.140778,173.090302
1777902019.772457,2.465000,393.695953,174.859131
1777902019.783584,2.479000,393.131866,176.933334
1777902019.794712,2.488000,392.596741,178.964279
1777902019.805840,2.479000,392.287262,180.872498
1777902019.816967,2.479000,391.634613,182.762817
1777902019.828094,2.512000,391.247986,184.692429
1777902019.839223,2.561000,390.615265,186.757874
1777902019.850350,2.483000,390.045441,188.644775
1777902019.861477,2.483000,389.410126,190.418854
1777902019.872606,2.521000,389.051697,192.360077
1777902019.883733,2.512000,388.452759,193.921570
1777902019.894860,2.497000,387.908936,195.788712
1777902019.905988,2.512000,387.174957,197.410675
1777902019.917115,2.571000,386.895721,199.029800
1777902019.928243,2.521000,386.073853,200.528412
1777902019.939371,2.576000,385.764923,202.360306
1777902019.950498,2.512000,385.109161,203.653015
1777902019.961626,2.541000,384.531708,205.278122
1777902019.972753,2.526000,383.888214,206.415176
1777902019.983881,2.531000,383.420197,207.688889
1777902019.995008,2.531000,382.877716,209.179489
1777902020.006135,2.556000,382.381805,210.341415
1777902020.017264,2.502000,381.810394,211.504990
1777902020.028391,2.571000,381.292419,212.728012
1777902020.039518,2.541000,380.805725,213.783234
1777902020.050647,2.512000,380.179810,214.797974
1777902020.061774,2.541000,379.566040,215.802933
1777902020.072901,2.571000,379.155548,216.676773
1777902020.084029,2.571000,378.642578,217.602417
1777902020.095156,2.576000,378.108429,218.487946
1777902020.106284,2.556000,377.648712,219.259476
1777902020.117412,2.561000,377.054871,219.975616
1777902020.128539,2.561000,376.676941,220.672836
1777902020.139667,2.591000,376.097565,221.426834
1777902020.150795,2.606000,375.738403,221.924057
1777902020.161922,2.612000,375.154327,222.407410
1777902020.173049,2.561000,374.860931,222.860947
1777902020.184177,2.561000,374.532928,223.259476
1777902020.195305,2.561000,373.984039,223.722549
1777902020.206432,2.581000,373.808075,224.034348
1777902020.217560,2.596000,373.302490,224.400772
1777902020.228688,2.581000,372.890137,224.517044
1777902020.239815,2.571000,372.762451,224.643677
1777902020.250943,2.541000,372.346436,224.966293
1777902020.262070,2.556000,371.966675,225.181488
1777902020.273197,2.581000,371.790527,225.280518
1777902020.284326,2.561000,371.537231,225.420212
1777902020.295453,2.571000,371.319214,225.398590
1777902020.306580,2.576000,371.144775,225.434341
1777902020.317708,2.546000,370.883759,225.365814
1777902020.328836,2.591000,370.591400,225.435486
1777902020.339963,2.546000,370.426605,225.390335
1777902020.351091,2.571000,370.348877,225.322968
1777902020.362219,2.556000,370.299133,225.299149
1777902020.373346,2.493000,370.303192,225.184250
1777902020.384474,2.502000,370.160187,225.088989
1777902020.395601,2.502000,369.879547,224.945541
1777902020.406729,2.526000,369.802277,224.852936
1777902020.417856,2.521000,369.864685,224.724426
1777902020.428984,2.546000,369.950500,224.500000
1777902020.440112,2.526000,369.980377,224.450974
1777902020.451239,2.521000,369.828430,224.349670
1777902020.462367,2.531000,369.934631,223.926468
1777902020.473494,2.507000,370.034302,223.699341
1777902020.484622,2.521000,370.143555,223.455444
1777902020.495750,2.517000,370.310791,223.123993
1777902020.506877,2.517000,370.435638,222.717819
1777902020.518004,2.526000,370.524750,222.290436
1777902020.529133,2.541000,370.733978,221.927887
1777902020.540260,2.561000,370.927185,221.436890
1777902020.551387,2.581000,371.032715,220.836441
1777902020.562515,2.546000,371.375977,220.192734
1777902020.573642,2.517000,371.676025,219.624603
1777902020.584770,2.502000,371.954956,218.909912
1777902020.595898,2.546000,372.112610,218.103607
1777902020.607025,2.488000,372.552551,217.253754
1777902020.618153,2.531000,372.775757,216.522720
1777902020.629281,2.546000,373.099091,215.765762
1777902020.640408,2.521000,373.516815,214.668198
1777902020.651536,2.561000,373.759766,213.683182
1777902020.662663,2.541000,374.090912,212.713638
1777902020.673791,2.517000,374.702911,211.560867
1777902020.684918,2.571000,374.888885,210.513153
1777902020.696046,2.526000,375.473694,209.298248
1777902020.707174,2.531000,376.021729,208.065216
1777902020.718301,2.546000,376.389832,206.745758
1777902020.729429,2.561000,376.922546,205.517288
1777902020.740557,2.517000,377.347046,204.194794
1777902020.751684,2.507000,377.906708,202.805206
1777902020.762812,2.497000,378.354767,201.354752
1777902020.773939,2.502000,378.879883,199.771927
1777902020.785067,2.521000,379.491516,198.377777
1777902020.796195,2.497000,379.976288,196.803696
1777902020.807322,2.488000,380.572327,195.299377
1777902020.818449,2.517000,381.216858,193.774475
1777902020.829578,2.512000,381.612518,192.193741
1777902020.840705,2.497000,382.361206,190.533340
1777902020.851832,2.497000,382.918427,188.715134
1777902020.862959,2.541000,383.367004,187.138214
1777902020.874087,2.526000,383.935364,185.482986
1777902020.885214,2.502000,384.571747,183.882492
1777902020.896341,2.502000,385.184937,182.010269
1777902020.907469,2.517000,385.796173,180.378372
1777902020.918596,2.502000,386.382080,178.656464
1777902020.929723,2.502000,387.030609,176.942184
1777902020.940851,2.497000,387.603943,175.127762
1777902020.951978,2.479000,388.211792,173.552078
1777902020.963105,2.512000,388.720123,172.071732
1777902020.974233,2.742000,389.380951,170.275360
1777902020.985360,2.474000,390.108032,168.297760
1777902020.996487,2.451000,390.615875,166.473358
1777902021.007615,2.581000,391.227264,165.024475
1777902021.018742,2.497000,391.720825,163.472931
1777902021.029869,2.469000,392.309448,161.922348
1777902021.040997,2.479000,392.836395,160.403442
1777902021.052124,2.460000,393.368500,158.852127
1777902021.063251,2.474000,393.620178,157.777237
1777902021.074379,2.507000,394.697144,155.648743
1777902021.085506,2.474000,395.112762,154.361832
1777902021.096633,2.479000,395.599243,152.720108
1777902021.107761,2.465000,396.115295,151.660400
1777902021.118888,2.465000,396.445709,150.353775
1777902021.130015,2.497000,396.866425,148.995010
1777902021.141143,2.465000,397.344391,147.761383
1777902021.152270,2.442000,397.898651,146.503052
1777902021.163397,2.451000,398.355988,145.355972
1777902021.174525,2.483000,398.651917,144.279205
1777902021.185652,2.375000,399.171692,143.169174
1777902021.196779,2.483000,399.397736,142.290405
1777902021.207907,2.442000,399.782013,141.305450
1777902021.219034,2.406000,400.209259,140.491226
1777902021.230161,2.502000,400.533325,139.761734
1777902021.241289,2.321000,400.844940,139.112335
1777902021.252416,2.342000,401.263214,138.665436
1777902021.263543,2.358000,401.488983,137.952209
1777902021.274671,2.375000,401.697754,137.648010
1777902021.285798,2.375000,402.042145,137.415070
1777902021.296925,2.465000,402.233826,137.145523
1777902021.308052,2.488000,402.496948,137.240540
1777902021.319180,2.451000,402.577545,137.284500
1777902021.330307,2.428000,402.743896,137.491638
1777902021.341434,2.455000,402.828644,137.812576
1777902021.352562,2.451000,403.035370,138.352386
1777902021.363689,2.460000,402.873840,138.790176
1777902021.374816,2.455000,403.072357,139.293289
1777902021.385944,2.442000,403.123749,140.018936
1777902021.397071,2.442000,403.196808,140.813034
1777902021.419326,2.451000,403.024811,142.757690
1777902021.430453,2.451000,402.939728,143.778961
1777902021.441580,2.437000,402.763580,144.807327
1777902021.452708,2.437000,402.524292,146.024307
1777902021.463835,2.460000,402.455475,147.159821
1777902021.474962,2.469000,402.163788,148.573883
1777902021.486090,2.437000,401.919769,149.872314
1777902021.497217,2.442000,401.537659,151.118729
1777902021.508344,2.460000,401.283569,152.693283
1777902021.519472,2.497000,400.916077,154.111893
1777902021.530599,2.488000,400.583649,155.581223
1777902021.541726,2.483000,400.139954,156.969467
1777902021.552854,2.469000,399.890656,158.376816
1777902021.563981,2.455000,399.401001,159.716171
1777902021.575108,2.556000,398.834381,161.951172
1777902021.586236,2.862000,398.198730,164.528839
1777902021.597363,2.521000,397.673553,166.160919
1777902021.608490,2.483000,397.429199,166.980820
1777902021.619618,2.488000,396.888885,168.517090
1777902021.630745,2.483000,396.301575,170.330444
1777902021.641872,2.497000,395.694214,172.002899
1777902021.653000,2.638000,395.334869,173.846268
1777902021.664127,2.419000,394.533325,175.533340
1777902021.675254,2.346000,393.901672,177.080002
1777902021.686382,2.451000,393.347961,178.908936
1777902021.697509,2.546000,392.731995,180.820770
1777902021.708636,2.556000,392.003571,182.459900
1777902021.719764,2.493000,391.337006,184.120880
1777902021.730891,2.546000,390.850464,185.877472
1777902021.742018,2.546000,390.103119,187.394104
1777902021.753145,2.561000,389.271545,189.028091
1777902021.764273,2.576000,388.672241,190.705780
1777902021.775400,2.546000,387.977020,192.396545
1777902021.786527,2.531000,387.227173,193.834259
1777902021.797655,2.571000,386.596802,195.373260
1777902021.808782,2.546000,385.885834,196.847153
1777902021.819909,2.531000,385.163696,198.268250
1777902021.831037,2.581000,384.536133,199.578308
1777902021.842164,2.546000,383.814819,201.329437
1777902021.853291,2.556000,383.185181,202.612091
1777902021.864419,2.546000,382.395966,203.820206
1777902021.875546,2.576000,381.874756,205.232330
1777902021.886673,2.521000,381.219574,206.536926
1777902021.897801,2.546000,380.536133,207.578308
1777902021.908928,2.571000,379.810394,208.656693
1777902021.920055,2.571000,379.339539,209.884064
1777902021.931183,2.541000,378.805725,210.783234
1777902021.942311,2.571000,378.053558,211.964279
1777902021.953438,2.576000,377.515533,212.842651
1777902021.964566,2.591000,376.876251,213.734528
1777902021.975693,2.581000,376.219574,214.536926
1777902021.986820,2.531000,375.800781,215.327423
1777902021.997948,2.606000,375.226196,216.158737
1777902022.009075,2.591000,374.800781,216.901382
1777902022.020202,2.576000,374.177643,217.614777
1777902022.031330,2.561000,373.682007,218.367813
1777902022.042458,2.591000,373.151520,219.100372
1777902022.053585,2.571000,372.714020,219.613632
1777902022.064713,2.571000,372.220367,220.270370
1777902022.075840,2.571000,371.924408,220.862396
1777902022.086967,2.556000,371.483521,221.445053
1777902022.098095,2.596000,370.966675,222.181488
1777902022.109222,2.571000,370.570648,222.570648
1777902022.120349,2.571000,370.144928,223.248184
1777902022.131477,2.576000,369.857422,223.805557
1777902022.142604,2.581000,369.500000,224.500000
1777902022.153731,2.531000,369.144928,225.248184
1777902022.164859,2.617000,368.741943,225.811829
1777902022.175987,2.591000,368.527161,226.570648
1777902022.187114,2.576000,368.153168,227.309906
1777902022.198241,2.576000,367.841919,228.116196
1777902022.209369,2.591000,367.429596,228.725494
1777902022.220496,2.571000,367.291199,229.527466
1777902022.231623,2.521000,366.790253,230.359558
1777902022.242751,2.606000,366.762451,231.252869
1777902022.253878,2.546000,366.353699,231.907410
1777902022.265005,2.596000,366.168488,232.831497
1777902022.276133,2.576000,365.802673,233.557465
1777902022.287261,2.591000,365.660706,234.339279
1777902022.309516,2.561000,365.254059,236.160568
1777902022.320643,2.521000,364.950928,237.114517
1777902022.331770,2.576000,364.744843,237.975311
1777902022.342898,2.571000,364.668762,238.905060
1777902022.354025,2.591000,364.407654,239.626129
1777902022.365152,2.606000,364.119995,240.486664
1777902022.376280,2.612000,364.129883,241.242432
1777902022.387407,2.581000,364.000000,242.143158
1777902022.398535,2.596000,363.836639,242.803528
1777902022.409662,2.606000,363.834442,243.740494
1777902022.420789,2.606000,363.800903,244.272934
1777902022.431917,2.596000,363.651123,245.073334
1777902022.443045,2.612000,363.543304,245.928574
1777902022.454172,2.622000,363.489349,246.572098
1777902022.465299,2.561000,363.632874,247.135132
1777902022.476427,2.622000,363.470734,247.878372
1777902022.487554,2.606000,363.489349,248.572098
1777902022.498681,2.638000,363.596497,249.046051
1777902022.509809,2.627000,363.538300,249.756760
1777902022.520936,2.591000,363.668854,250.131577
1777902022.532063,2.617000,363.631104,250.893326
1777902022.543192,2.627000,363.715607,251.393936
1777902022.554319,2.633000,363.774048,251.827744
1777902022.565446,2.606000,363.781616,252.402298
1777902022.576574,2.643000,363.836639,252.803528
1777902022.587701,2.627000,363.972961,253.391891
1777902022.598828,2.612000,363.982117,253.847870
1777902022.609956,2.612000,364.108093,254.259003
1777902022.621083,2.622000,364.393951,254.715622
1777902022.632210,2.638000,364.399994,255.087357
1777902022.643337,2.612000,364.640472,255.471436
1777902022.654466,2.612000,364.692627,255.987015
1777902022.665593,2.612000,364.913330,256.426666
1777902022.676720,2.606000,364.894867,256.774048
1777902022.687848,2.596000,365.107239,257.186493
1777902022.698975,2.622000,365.288300,257.599091
1777902022.710102,2.643000,365.457764,257.959991
1777902022.721230,2.591000,365.715607,258.393951
1777902022.732357,2.638000,365.836639,258.803528
1777902022.743484,2.622000,365.876373,258.922729
1777902022.754612,2.622000,365.902588,258.725098
1777902022.765739,2.627000,366.043671,258.197693
1777902022.776867,2.622000,365.989532,257.876312
1777902022.787995,2.617000,366.426666,257.913330
1777902022.799122,2.627000,366.724457,258.093323
1777902022.810249,2.622000,366.814819,258.460327
1777902022.821377,2.596000,367.000000,258.500000
1777902022.832504,2.617000,367.047302,258.612610
1777902022.843631,2.606000,367.303040,258.503510
1777902022.854759,2.617000,367.386322,258.326721
1777902022.865886,2.617000,367.386322,258.326721
1777902022.877014,2.606000,367.320190,258.467102
1777902022.888142,2.627000,367.319641,258.655243
1777902022.899269,2.633000,367.428558,258.770966
1777902022.910396,2.606000,367.449371,259.000000
1777902022.921525,2.596000,367.488098,259.275787
1777902022.932652,2.617000,367.632172,259.317993
1777902022.943779,2.606000,368.299103,259.517120
1777902022.954907,2.596000,368.175537,259.409576
1777902022.966034,2.596000,368.214996,259.375000
1777902022.977161,2.606000,368.321442,259.403076
1777902022.988289,2.606000,368.352417,259.447906
1777902022.999417,2.596000,368.440918,259.612000
1777902023.010544,2.622000,368.516479,259.598907
1777902023.021672,2.596000,368.500000,259.544434
1777902023.032799,2.612000,368.554871,259.471558
1777902023.043926,2.633000,368.692780,259.435730
1777902023.055054,2.606000,368.611115,259.488892
1777902023.066182,2.617000,368.852051,259.629242
1777902023.077309,2.617000,368.959015,259.661316
1777902023.088436,2.622000,369.223389,259.762665
1777902023.099564,2.596000,369.223389,259.762665
1777902023.110691,2.617000,369.223389,259.762665
1777902023.121818,2.617000,369.157196,259.937500
1777902023.132946,2.591000,369.409576,259.858154
1777902023.144074,2.622000,369.340607,259.981781
1777902023.155201,2.612000,369.394104,260.003693
1777902023.166329,2.576000,369.537231,260.005310
1777902023.177456,2.596000,369.504547,260.123871
1777902023.188584,2.606000,369.504547,260.123871
1777902023.199712,2.581000,369.603607,260.171173
1777902023.210839,2.612000,369.659088,260.263245
1777902023.221966,2.596000,369.726410,260.194611
1777902023.233094,2.581000,369.726410,260.194611
1777902023.244221,2.612000,369.775818,260.220276
1777902023.255348,2.581000,369.946747,260.571991
1777902023.266477,2.612000,369.946747,260.571991
1777902023.277604,2.606000,370.044312,260.610779
1777902023.288731,2.591000,370.173492,260.773865
1777902023.299859,2.576000,370.238647,260.771210
1777902023.310986,2.612000,370.215698,260.852936
1777902023.322114,2.596000,370.295410,260.792419
1777902023.333242,2.596000,370.323242,260.844452
1777902023.344369,2.561000,370.323242,260.844452
1777902023.355496,2.581000,370.323242,260.844452
1777902023.366624,2.576000,370.445770,260.836304
1777902023.377751,2.581000,370.463928,260.890839
1777902023.388878,2.622000,370.512054,260.891571
1777902023.400007,2.596000,370.529755,260.946442
1777902023.411134,2.633000,370.445770,260.836304
1777902023.422261,2.596000,370.463074,260.780426
1777902023.433389,2.617000,370.445770,260.836304
1777902023.444516,2.606000,370.529419,260.709808
1777902023.455644,2.643000,370.463074,260.780426
1777902023.466772,2.612000,370.529419,260.709808
1777902023.477899,2.638000,370.529419,260.709808
1777902023.489026,2.612000,370.500000,260.660858
1777902023.500154,2.622000,370.500000,260.547607
1777902023.511281,2.591000,370.500000,260.547607
1777902023.522409,2.627000,370.446442,260.472229
1777902023.533536,2.596000,370.464691,260.413727
1777902023.544664,2.643000,370.487946,260.423706
1777902023.555791,2.612000,370.475891,260.315247
1777902023.566918,2.581000,370.475891,260.315247
1777902023.578046,2.627000,370.475891,260.315247
1777902023.589174,2.612000,370.475891,260.315247
1777902023.600301,2.591000,370.457306,260.373993
1777902023.611429,2.612000,370.470245,260.257935
1777902023.622556,2.638000,370.457306,260.373993
1777902023.633683,2.612000,370.451813,260.315247
1777902023.644812,2.617000,370.457306,260.373993
1777902023.655939,2.612000,370.345612,260.490784
1777902023.667066,2.606000,370.286591,260.373993
1777902023.678194,2.606000,370.147919,260.414581
1777902023.689321,2.612000,370.220215,260.406067
1777902023.700449,2.627000,370.068390,260.493591
1777902023.711577,2.612000,370.068390,260.493591
1777902023.722704,2.617000,370.068390,260.493591
1777902023.733831,2.627000,370.080170,260.432495
1777902023.744959,2.576000,370.000000,260.500000
1777902023.756086,2.617000,370.000000,260.500000
1777902023.767213,2.612000,370.012817,260.438049
1777902023.778342,2.627000,370.000000,260.438049
1777902023.789469,2.606000,370.000000,260.500000
1777902023.800596,2.571000,370.000000,260.500000
1777902023.811724,2.596000,370.000000,260.500000
1777902023.822851,2.596000,369.940796,260.532898
1777902023.833978,2.596000,369.940796,260.532898
1777902023.845107,2.612000,369.860229,260.604309
1777902023.856234,2.591000,369.793854,260.679810
1777902023.867361,2.591000,369.793854,260.679810
1777902023.878489,2.591000,369.727264,260.696960
1777902023.889616,2.612000,369.660248,260.700867
1777902023.900744,2.581000,369.660248,260.700867
1777902023.911872,2.612000,369.660248,260.700867
1777902023.922999,2.627000,369.660248,260.700867
1777902023.934126,2.612000,369.660248,260.700867
1777902023.945254,2.617000,369.660248,260.700867
1777902023.956382,2.633000,369.660248,260.700867
1777902023.967509,2.591000,369.660248,260.700867
1777902023.978636,2.617000,369.660248,260.700867
1777902023.989764,2.617000,369.660248,260.700867
1777902024.000891,2.627000,369.727478,260.626831
1777902024.012018,2.596000,369.727478,260.626831
1777902024.023146,2.576000,369.727478,260.626831
1777902024.034274,2.612000,369.660248,260.700867
1777902024.045401,2.617000,369.660248,260.700867
1777902024.056529,2.606000,369.727478,260.626831
1777902024.067656,2.591000,369.803406,260.557678
1777902024.078784,2.591000,369.803406,260.557678
1777902024.089912,2.606000,369.803406,260.557678
1777902024.101039,2.596000,369.931610,260.519226
1777902024.112166,2.576000,370.000000,260.500000
1777902024.123294,2.606000,370.000000,260.500000
1777902024.134421,2.612000,370.000000,260.500000
1777902024.145549,2.606000,370.000000,260.500000
1777902024.156677,2.606000,370.000000,260.500000
1777902024.167804,2.581000,370.000000,260.500000
1777902024.178931,2.617000,370.000000,260.500000
1777902024.190059,2.606000,370.000000,260.500000
1777902024.201186,2.612000,370.000000,260.500000
1777902024.212313,2.617000,370.000000,260.500000
1777902024.223442,2.612000,370.059204,260.519745
1777902024.234569,2.591000,370.059204,260.519745
1777902024.245696,2.606000,370.059204,260.519745
1777902024.256824,2.606000,370.059204,260.519745
1777902024.267951,2.617000,370.059204,260.519745
1777902024.279079,2.627000,370.059204,260.519745
1777902024.290207,2.622000,370.059204,260.519745
1777902024.301334,2.596000,370.058441,260.582245
1777902024.312461,2.622000,370.059204,260.519745
1777902024.323589,2.581000,370.058441,260.582245
1777902024.334717,2.596000,370.059204,260.519745
1777902024.345844,2.606000,370.086670,260.573334
1777902024.356972,2.617000,370.086670,260.573334
1777902024.368099,2.591000,370.085541,260.635956
1777902024.379226,2.606000,370.167755,260.625275
1777902024.390354,2.581000,370.059204,260.519745
1777902024.401482,2.606000,370.086670,260.573334
1777902024.412609,2.596000,370.047302,260.628387
1777902024.423736,2.591000,370.019989,260.573334
1777902024.434864,2.617000,370.026672,260.671112
1777902024.445992,2.571000,370.047302,260.628387
1777902024.457119,2.606000,370.047302,260.628387
1777902024.468247,2.581000,370.000000,260.553345
1777902024.479374,2.596000,370.000000,260.553345
1777902024.490501,2.596000,369.934235,260.630371
1777902024.501629,2.596000,369.934235,260.630371
1777902024.512756,2.596000,369.960907,260.687347
1777902024.523884,2.596000,369.934235,260.630371
1777902024.535012,2.581000,369.960907,260.687347
1777902024.546139,2.591000,369.874725,260.608490
1777902024.557266,2.617000,369.874725,260.608490
1777902024.568394,2.612000,369.934235,260.630371
1777902024.579521,2.596000,369.874725,260.608490
1777902024.590649,2.606000,369.960907,260.687347
1777902024.601777,2.606000,369.900238,260.664398
1777902024.612904,2.612000,369.900238,260.664398
1777902024.624031,2.612000,369.940796,260.532898
1777902024.635159,2.591000,369.860229,260.604309
1777902024.646287,2.596000,369.805725,260.626923
1777902024.657414,2.606000,369.860229,260.604309
1777902024.668542,2.581000,369.805725,260.613678
1777902024.679669,2.576000,369.940796,260.532898
1777902024.690796,2.571000,370.000000,260.500000
1777902024.701925,2.596000,369.940796,260.532898
1777902024.713052,2.606000,369.940796,260.532898
1777902024.724179,2.591000,369.940796,260.532898
1777902024.735307,2.581000,369.940796,260.532898
1777902024.746434,2.606000,369.960541,260.552643
1777902024.757561,2.606000,369.961029,260.614716
1777902024.768690,2.581000,370.025970,260.614716
1777902024.779817,2.581000,369.961456,260.750580
1777902024.790944,2.596000,369.940796,260.532898
1777902024.802072,2.576000,369.884521,260.657959
1777902024.813200,2.576000,369.934235,260.630371
1777902024.824327,2.581000,370.086670,260.573334
1777902024.835455,2.596000,370.000000,260.561951
1777902024.846582,2.612000,370.058441,260.582245
1777902024.857709,2.591000,370.059204,260.519745
1777902024.868836,2.581000,370.059204,260.519745
1777902024.879964,2.606000,370.086670,260.573334
1777902024.891091,2.571000,370.046661,260.691101
1777902024.902218,2.561000,370.058441,260.582245
1777902024.913347,2.581000,370.044861,260.645294
1777902024.924474,2.591000,370.026672,260.671112
1777902024.935601,2.596000,370.026672,260.671112
1777902024.946729,2.606000,370.026672,260.671112
1777902024.957856,2.606000,369.974030,260.731598
1777902024.968983,2.596000,370.002136,260.705383
1777902024.980111,2.596000,370.002136,260.705383
1777902024.991238,2.571000,370.086670,260.573334
1777902025.002365,2.591000,370.058441,260.582245
1777902025.013493,2.581000,370.059204,260.519745
1777902025.024620,2.591000,370.059204,260.519745
1777902025.035748,2.581000,370.000000,260.500000
1777902025.046876,2.591000,370.000000,260.500000
1777902025.058003,2.591000,370.059204,260.519745
1777902025.069130,2.606000,370.059204,260.519745
1777902025.080258,2.596000,370.059204,260.519745
1777902025.091385,2.591000,370.000000,260.500000
1777902025.102512,2.576000,370.000000,260.500000
1777902025.113640,2.576000,370.000000,260.561951
1777902025.124767,2.606000,369.941559,260.595245
1777902025.135894,2.546000,369.940796,260.532898
1777902025.147022,2.581000,370.000000,260.500000
1777902025.158150,2.591000,369.940796,260.532898
1777902025.169277,2.581000,370.000000,260.500000
1777902025.180405,2.606000,370.000000,260.500000
1777902025.191532,2.571000,370.000000,260.500000
1777902025.202659,2.591000,369.940796,260.532898
1777902025.213787,2.591000,370.000000,260.500000
1777902025.224914,2.596000,369.940796,260.532898
1777902025.236041,2.561000,369.874725,260.608490
1777902025.247169,2.591000,370.000000,260.500000
1777902025.258296,2.606000,369.940796,260.532898
1777902025.269423,2.561000,369.960541,260.552643
1777902025.280552,2.591000,370.000000,260.500000
1777902025.291679,2.581000,370.000000,260.500000
1777902025.302806,2.581000,370.059204,260.519745
1777902025.313933,2.561000,370.019989,260.573334
1777902025.325061,2.576000,370.000000,260.500000
1777902025.336188,2.581000,370.000000,260.561951
1777902025.347315,2.591000,369.941559,260.595245
1777902025.358443,2.606000,370.000000,260.500000
1777902025.369570,2.576000,370.000000,260.616241
1777902025.380697,2.612000,369.976349,260.591400
1777902025.391826,2.581000,369.960541,260.552643
1777902025.402953,2.576000,370.059204,260.519745
1777902025.414080,2.581000,370.058441,260.582245
1777902025.425208,2.591000,370.059204,260.519745
1777902025.436335,2.581000,370.059204,260.519745
1777902025.447462,2.606000,370.059204,260.519745
1777902025.458590,2.591000,370.000000,260.561951
1777902025.469717,2.591000,370.059204,260.519745
1777902025.480844,2.606000,370.000000,260.561951
1777902025.491972,2.581000,370.059204,260.519745
1777902025.503100,2.591000,370.085541,260.635956
1777902025.514227,2.581000,370.058441,260.582245
1777902025.525355,2.606000,370.058441,260.582245
