t_s,frame_number,hw_ts_ms,host_dt_ms,missed_total
0.213,0,1777461527160.513,0.000,0
0.223,1,1777461527171.679,11.165,0
0.233,2,1777461527182.847,11.168,0
0.244,3,1777461527194.016,11.169,0
0.256,4,1777461527205.187,11.171,0
0.267,5,1777461527216.362,11.174,0
0.278,6,1777461527227.486,11.125,0
0.289,7,1777461527238.608,11.122,0
0.300,8,1777461527249.728,11.120,0
0.311,9,1777461527260.844,11.116,0
0.323,10,1777461527271.957,11.113,0
0.334,11,1777461527283.067,11.111,0
0.345,12,1777461527294.175,11.107,0
0.356,13,1777461527305.279,11.104,0
0.367,14,1777461527316.381,11.102,0
0.378,15,1777461527327.458,11.078,0
0.389,16,1777461527338.535,11.076,0
0.400,17,1777461527349.611,11.076,0
0.411,18,1777461527360.686,11.074,0
0.423,19,1777461527371.759,11.073,0
0.434,20,1777461527382.832,11.073,0
0.445,21,1777461527393.903,11.071,0
0.456,22,1777461527404.973,11.070,0
0.467,23,1777461527416.043,11.070,0
0.478,24,1777461527427.125,11.082,0
0.490,25,1777461527438.207,11.082,0
0.500,26,1777461527449.289,11.082,0
0.512,27,1777461527460.370,11.081,0
0.523,28,1777461527471.450,11.080,0
0.534,29,1777461527482.531,11.081,0
0.545,30,1777461527493.610,11.079,0
0.556,31,1777461527504.689,11.079,0
0.567,32,1777461527515.769,11.080,0
0.579,33,1777461527526.856,11.087,0
0.589,34,1777461527537.943,11.087,0
0.600,35,1777461527549.030,11.087,0
0.612,36,1777461527560.118,11.088,0
0.623,37,1777461527571.205,11.087,0
0.634,38,1777461527582.291,11.087,0
0.645,39,1777461527593.378,11.087,0
0.657,40,1777461527604.465,11.086,0
0.667,41,1777461527615.551,11.086,0
0.678,42,1777461527626.644,11.093,0
0.690,43,1777461527637.736,11.092,0
0.701,44,1777461527648.827,11.092,0
0.712,45,1777461527659.920,11.093,0
0.723,46,1777461527671.012,11.092,0
0.734,47,1777461527682.103,11.092,0
0.745,48,1777461527693.196,11.093,0
0.756,49,1777461527704.287,11.092,0
0.768,50,1777461527715.379,11.091,0
0.779,51,1777461527726.476,11.097,0
0.790,52,1777461527737.572,11.096,0
0.801,53,1777461527748.668,11.096,0
0.812,54,1777461527759.765,11.097,0
0.823,55,1777461527770.861,11.096,0
0.834,56,1777461527781.957,11.096,0
0.846,57,1777461527793.054,11.097,0
0.856,58,1777461527804.150,11.096,0
0.868,59,1777461527815.245,11.096,0
0.879,60,1777461527826.346,11.101,0
0.890,61,1777461527837.447,11.100,0
0.901,62,1777461527848.547,11.100,0
0.913,63,1777461527859.648,11.101,0
0.923,64,1777461527870.748,11.100,0
0.934,65,1777461527881.848,11.100,0
0.945,66,1777461527892.949,11.101,0
0.956,67,1777461527904.049,11.100,0
0.968,68,1777461527915.149,11.100,0
0.979,69,1777461527926.253,11.104,0
0.990,70,1777461527937.356,11.103,0
1.001,71,1777461527948.459,11.103,0
1.012,72,1777461527959.563,11.104,0
1.023,73,1777461527970.666,11.103,0
1.035,74,1777461527981.769,11.103,0
1.046,75,1777461527992.872,11.103,0
1.057,76,1777461528003.976,11.104,0
1.068,77,1777461528015.079,11.103,0
1.079,78,1777461528026.185,11.106,0
1.090,79,1777461528037.292,11.107,0
1.101,80,1777461528048.397,11.106,0
1.112,81,1777461528059.503,11.106,0
1.124,82,1777461528070.610,11.107,0
1.135,83,1777461528081.716,11.106,0
1.146,84,1777461528092.822,11.106,0
1.157,85,1777461528103.929,11.107,0
1.168,86,1777461528115.035,11.106,0
1.179,87,1777461528126.143,11.108,0
1.190,88,1777461528137.252,11.109,0
1.202,89,1777461528148.361,11.108,0
1.213,90,1777461528159.469,11.108,0
1.224,91,1777461528170.579,11.109,0
1.235,92,1777461528181.687,11.108,0
1.246,93,1777461528192.795,11.108,0
1.257,94,1777461528203.905,11.109,0
1.268,95,1777461528215.013,11.108,0
1.279,96,1777461528226.124,11.111,0
1.290,97,1777461528237.235,11.112,0
1.302,98,1777461528248.346,11.111,0
1.313,99,1777461528259.457,11.111,0
1.324,100,1777461528270.568,11.112,0
1.335,101,1777461528281.679,11.111,0
1.346,102,1777461528292.790,11.111,0
1.358,103,1777461528303.901,11.112,0
1.369,104,1777461528315.012,11.111,0
1.380,105,1777461528326.124,11.112,0
1.391,106,1777461528337.238,11.114,0
1.402,107,1777461528348.350,11.112,0
1.413,108,1777461528359.462,11.112,0
1.424,109,1777461528370.575,11.113,0
1.435,110,1777461528381.688,11.112,0
1.446,111,1777461528392.800,11.112,0
1.458,112,1777461528403.914,11.114,0
1.469,113,1777461528415.026,11.112,0
1.480,114,1777461528426.140,11.114,0
1.491,115,1777461528437.254,11.114,0
1.502,116,1777461528448.369,11.115,0
1.513,117,1777461528459.483,11.114,0
1.524,118,1777461528470.597,11.114,0
1.535,119,1777461528481.712,11.115,0
1.546,120,1777461528492.826,11.114,0
1.558,121,1777461528503.940,11.114,0
1.569,122,1777461528515.055,11.115,0
1.580,123,1777461528526.169,11.114,0
1.591,124,1777461528537.283,11.114,0
1.602,125,1777461528548.398,11.115,0
1.614,126,1777461528559.512,11.114,0
1.625,127,1777461528570.626,11.114,0
1.635,128,1777461528581.741,11.115,0
1.647,129,1777461528592.855,11.114,0
1.658,130,1777461528603.969,11.114,0
1.669,131,1777461528615.084,11.115,0
1.680,132,1777461528626.198,11.114,0
1.691,133,1777461528637.312,11.114,0
1.702,134,1777461528648.427,11.115,0
1.714,135,1777461528659.541,11.114,0
1.724,136,1777461528670.655,11.114,0
1.736,137,1777461528681.770,11.115,0
1.747,138,1777461528692.884,11.114,0
1.758,139,1777461528703.998,11.114,0
1.769,140,1777461528715.113,11.115,0
1.780,141,1777461528726.226,11.114,0
1.791,142,1777461528737.340,11.114,0
1.802,143,1777461528748.455,11.115,0
1.814,144,1777461528759.569,11.114,0
1.824,145,1777461528770.683,11.114,0
1.836,146,1777461528781.798,11.115,0
1.847,147,1777461528792.912,11.114,0
1.858,148,1777461528804.026,11.114,0
1.869,149,1777461528815.141,11.115,0
1.881,150,1777461528826.255,11.114,0
1.892,151,1777461528837.369,11.114,0
1.902,152,1777461528848.484,11.115,0
1.913,153,1777461528859.598,11.114,0
1.925,154,1777461528870.712,11.114,0
1.936,155,1777461528881.826,11.114,0
1.947,156,1777461528892.941,11.115,0
1.958,157,1777461528904.055,11.114,0
1.969,158,1777461528915.168,11.114,0
1.980,159,1777461528926.283,11.115,0
1.991,160,1777461528937.397,11.114,0
2.002,161,1777461528948.511,11.114,0
2.014,162,1777461528959.626,11.115,0
2.025,163,1777461528970.740,11.114,0
2.036,164,1777461528981.854,11.114,0
2.047,165,1777461528992.969,11.115,0
2.058,166,1777461529004.083,11.114,0
2.069,167,1777461529015.197,11.114,0
2.080,168,1777461529026.312,11.115,0
2.091,169,1777461529037.426,11.114,0
2.103,170,1777461529048.540,11.114,0
2.114,171,1777461529059.655,11.115,0
2.125,172,1777461529070.769,11.114,0
2.136,173,1777461529081.882,11.114,0
2.147,174,1777461529092.997,11.115,0
2.158,175,1777461529104.111,11.114,0
2.169,176,1777461529115.225,11.114,0
2.181,177,1777461529126.340,11.115,0
2.192,178,1777461529137.454,11.114,0
2.203,179,1777461529148.568,11.114,0
2.214,180,1777461529159.683,11.115,0
2.225,181,1777461529170.797,11.114,0
2.236,182,1777461529181.911,11.114,0
2.247,183,1777461529193.025,11.115,0
2.258,184,1777461529204.139,11.114,0
2.270,185,1777461529215.253,11.114,0
2.281,186,1777461529226.368,11.115,0
2.292,187,1777461529237.482,11.114,0
2.303,188,1777461529248.596,11.114,0
2.314,189,1777461529259.711,11.115,0
2.325,190,1777461529270.825,11.114,0
2.336,191,1777461529281.938,11.114,0
2.347,192,1777461529293.053,11.115,0
2.359,193,1777461529304.167,11.114,0
2.370,194,1777461529315.281,11.114,0
2.381,195,1777461529326.395,11.114,0
2.392,196,1777461529337.510,11.115,0
2.403,197,1777461529348.624,11.114,0
2.414,198,1777461529359.738,11.114,0
2.425,199,1777461529370.853,11.115,0
2.436,200,1777461529381.966,11.114,0
2.447,201,1777461529393.080,11.114,0
2.459,202,1777461529404.195,11.115,0
2.470,203,1777461529415.311,11.116,0
2.481,204,1777461529426.439,11.127,0
2.492,205,1777461529437.567,11.129,0
2.503,206,1777461529448.695,11.127,0
2.514,207,1777461529459.823,11.128,0
2.525,208,1777461529470.951,11.128,0
2.536,209,1777461529482.078,11.127,0
2.548,210,1777461529493.206,11.127,0
2.559,211,1777461529504.334,11.128,0
2.570,212,1777461529515.461,11.127,0
2.581,213,1777461529526.589,11.127,0
2.592,214,1777461529537.717,11.128,0
2.603,215,1777461529548.844,11.127,0
2.615,216,1777461529559.972,11.127,0
2.626,217,1777461529571.100,11.128,0
2.637,218,1777461529582.227,11.127,0
2.648,219,1777461529593.354,11.127,0
2.659,220,1777461529604.482,11.128,0
2.670,221,1777461529615.610,11.127,0
2.681,222,1777461529626.737,11.127,0
2.692,223,1777461529637.865,11.128,0
2.704,224,1777461529648.992,11.127,0
2.715,225,1777461529660.119,11.127,0
2.726,226,1777461529671.247,11.128,0
2.737,227,1777461529682.374,11.127,0
2.748,228,1777461529693.500,11.127,0
2.759,229,1777461529704.628,11.128,0
2.770,230,1777461529715.755,11.127,0
2.781,231,1777461529726.882,11.127,0
2.793,232,1777461529738.010,11.128,0
2.804,233,1777461529749.137,11.127,0
2.815,234,1777461529760.263,11.127,0
2.826,235,1777461529771.390,11.127,0
2.837,236,1777461529782.518,11.128,0
2.848,237,1777461529793.645,11.127,0
2.859,238,1777461529804.771,11.127,0
2.870,239,1777461529815.899,11.128,0
2.882,240,1777461529827.025,11.126,0
2.893,241,1777461529838.152,11.127,0
2.904,242,1777461529849.280,11.127,0
2.915,243,1777461529860.406,11.126,0
2.926,244,1777461529871.532,11.126,0
2.937,245,1777461529882.660,11.127,0
2.949,246,1777461529893.786,11.126,0
2.960,247,1777461529904.913,11.126,0
2.971,248,1777461529916.040,11.127,0
2.982,249,1777461529927.167,11.126,0
2.993,250,1777461529938.293,11.126,0
3.004,251,1777461529949.420,11.127,0
3.016,252,1777461529960.546,11.126,0
3.026,253,1777461529971.672,11.126,0
3.037,254,1777461529982.800,11.127,0
3.048,255,1777461529993.926,11.126,0
3.060,256,1777461530005.052,11.126,0
3.071,257,1777461530016.179,11.127,0
3.082,258,1777461530027.305,11.126,0
3.093,259,1777461530038.431,11.126,0
3.104,260,1777461530049.558,11.127,0
3.115,261,1777461530060.684,11.126,0
3.126,262,1777461530071.810,11.126,0
3.138,263,1777461530082.937,11.127,0
3.149,264,1777461530094.063,11.126,0
3.160,265,1777461530105.189,11.126,0
3.171,266,1777461530116.316,11.127,0
3.182,267,1777461530127.442,11.126,0
3.194,268,1777461530138.567,11.126,0
3.204,269,1777461530149.694,11.127,0
3.216,270,1777461530160.820,11.126,0
3.226,271,1777461530171.946,11.126,0
3.238,272,1777461530183.072,11.127,0
3.249,273,1777461530194.198,11.126,0
3.260,274,1777461530205.324,11.126,0
3.271,275,1777461530216.449,11.125,0
3.283,276,1777461530227.576,11.127,0
3.293,277,1777461530238.701,11.125,0
3.305,278,1777461530249.827,11.125,0
3.316,279,1777461530260.953,11.126,0
3.327,280,1777461530272.079,11.125,0
3.338,281,1777461530283.204,11.125,0
3.349,282,1777461530294.331,11.126,0
3.360,283,1777461530305.456,11.125,0
3.371,284,1777461530316.582,11.125,0
3.383,285,1777461530327.708,11.126,0
3.393,286,1777461530338.833,11.125,0
3.405,287,1777461530349.958,11.125,0
3.416,288,1777461530361.084,11.126,0
3.427,289,1777461530372.210,11.125,0
3.438,290,1777461530383.335,11.125,0
3.449,291,1777461530394.461,11.126,0
3.460,292,1777461530405.586,11.125,0
3.482,294,1777461530427.840,22.254,1
3.494,295,1777461530438.967,11.126,1
3.505,296,1777461530450.093,11.126,1
3.516,297,1777461530461.220,11.127,1
3.527,298,1777461530472.347,11.126,1
3.538,299,1777461530483.473,11.126,1
3.549,300,1777461530494.601,11.127,1
3.560,301,1777461530505.727,11.126,1
3.572,302,1777461530516.854,11.126,1
3.583,303,1777461530527.981,11.127,1
3.594,304,1777461530539.107,11.126,1
3.605,305,1777461530550.233,11.126,1
3.616,306,1777461530561.361,11.127,1
3.627,307,1777461530572.487,11.126,1
3.638,308,1777461530583.613,11.126,1
3.649,309,1777461530594.740,11.127,1
3.661,310,1777461530605.867,11.126,1
3.672,311,1777461530616.993,11.126,1
3.683,312,1777461530628.120,11.127,1
3.694,313,1777461530639.246,11.126,1
3.705,314,1777461530650.373,11.126,1
3.717,315,1777461530661.499,11.126,1
3.727,316,1777461530672.626,11.127,1
3.738,317,1777461530683.752,11.126,1
3.750,318,1777461530694.878,11.126,1
3.761,319,1777461530706.005,11.127,1
3.772,320,1777461530717.131,11.126,1
3.783,321,1777461530728.258,11.126,1
3.794,322,1777461530739.385,11.127,1
3.805,323,1777461530750.510,11.126,1
3.816,324,1777461530761.637,11.126,1
3.827,325,1777461530772.764,11.127,1
3.839,326,1777461530783.890,11.126,1
3.850,327,1777461530795.016,11.126,1
3.861,328,1777461530806.143,11.127,1
3.872,329,1777461530817.269,11.126,1
3.884,330,1777461530828.395,11.126,1
3.894,331,1777461530839.521,11.127,1
3.905,332,1777461530850.647,11.126,1
3.916,333,1777461530861.773,11.126,1
3.927,334,1777461530872.900,11.127,1
3.939,335,1777461530884.026,11.126,1
3.950,336,1777461530895.152,11.126,1
3.961,337,1777461530906.279,11.127,1
3.972,338,1777461530917.405,11.126,1
3.983,339,1777461530928.531,11.126,1
3.995,340,1777461530939.657,11.127,1
4.005,341,1777461530950.783,11.126,1
4.016,342,1777461530961.909,11.126,1
4.028,343,1777461530973.036,11.127,1
4.039,344,1777461530984.161,11.126,1
4.050,345,1777461530995.287,11.126,1
4.061,346,1777461531006.414,11.127,1
4.072,347,1777461531017.540,11.126,1
4.084,348,1777461531028.665,11.126,1
4.095,349,1777461531039.792,11.127,1
4.106,350,1777461531050.918,11.126,1
4.117,351,1777461531062.043,11.126,1
4.128,352,1777461531073.170,11.126,1
4.139,353,1777461531084.296,11.126,1
4.150,354,1777461531095.421,11.125,1
4.161,355,1777461531106.547,11.126,1
4.173,356,1777461531117.673,11.126,1
4.184,357,1777461531128.799,11.126,1
4.195,358,1777461531139.925,11.125,1
4.206,359,1777461531151.051,11.126,1
4.217,360,1777461531162.177,11.125,1
4.228,361,1777461531173.302,11.125,1
4.239,362,1777461531184.429,11.127,1
4.250,363,1777461531195.554,11.125,1
4.261,364,1777461531206.679,11.125,1
4.272,365,1777461531217.806,11.126,1
4.284,366,1777461531228.931,11.125,1
4.295,367,1777461531240.057,11.125,1
4.306,368,1777461531251.183,11.126,1
4.317,369,1777461531262.309,11.125,1
4.328,370,1777461531273.434,11.125,1
4.340,371,1777461531284.560,11.126,1
4.350,372,1777461531295.686,11.125,1
4.362,373,1777461531306.811,11.125,1
4.373,374,1777461531317.938,11.126,1
4.384,375,1777461531329.063,11.125,1
4.395,376,1777461531340.188,11.125,1
4.406,377,1777461531351.314,11.126,1
4.417,378,1777461531362.440,11.125,1
4.428,379,1777461531373.565,11.125,1
4.439,380,1777461531384.691,11.126,1
4.450,381,1777461531395.816,11.125,1
4.462,382,1777461531406.942,11.125,1
4.473,383,1777461531418.071,11.129,1
4.484,384,1777461531429.199,11.129,1
4.495,385,1777461531440.328,11.128,1
4.506,386,1777461531451.458,11.130,1
4.518,387,1777461531462.586,11.128,1
4.529,388,1777461531473.715,11.129,1
4.540,389,1777461531484.844,11.130,1
4.551,390,1777461531495.973,11.128,1
4.562,391,1777461531507.101,11.129,1
4.573,392,1777461531518.231,11.130,1
4.584,393,1777461531529.360,11.129,1
4.595,394,1777461531540.488,11.128,1
4.607,395,1777461531551.617,11.129,1
4.618,396,1777461531562.746,11.130,1
4.629,397,1777461531573.875,11.129,1
4.640,398,1777461531585.004,11.129,1
4.651,399,1777461531596.134,11.130,1
4.662,400,1777461531607.262,11.129,1
4.673,401,1777461531618.391,11.129,1
4.684,402,1777461531629.521,11.130,1
4.695,403,1777461531640.649,11.129,1
4.707,404,1777461531651.778,11.129,1
4.718,405,1777461531662.908,11.130,1
4.729,406,1777461531674.037,11.129,1
4.740,407,1777461531685.165,11.129,1
4.752,408,1777461531696.295,11.130,1
4.762,409,1777461531707.424,11.129,1
4.774,410,1777461531718.553,11.129,1
4.784,411,1777461531729.683,11.130,1
4.796,412,1777461531740.812,11.129,1
4.806,413,1777461531751.940,11.129,1
4.818,414,1777461531763.070,11.130,1
4.829,415,1777461531774.199,11.129,1
4.840,416,1777461531785.328,11.129,1
4.851,417,1777461531796.458,11.130,1
4.862,418,1777461531807.587,11.129,1
4.873,419,1777461531818.716,11.129,1
4.885,420,1777461531829.846,11.130,1
4.896,421,1777461531840.975,11.129,1
4.907,422,1777461531852.104,11.129,1
4.918,423,1777461531863.233,11.130,1
4.929,424,1777461531874.363,11.129,1
4.940,425,1777461531885.491,11.129,1
4.952,426,1777461531896.621,11.130,1
4.963,427,1777461531907.750,11.129,1
4.974,428,1777461531918.879,11.129,1
4.985,429,1777461531930.010,11.130,1
4.996,430,1777461531941.139,11.129,1
5.007,431,1777461531952.268,11.129,1
5.018,432,1777461531963.398,11.130,1
5.029,433,1777461531974.527,11.129,1
5.040,434,1777461531985.656,11.129,1
5.051,435,1777461531996.785,11.129,1
5.063,436,1777461532007.915,11.130,1
5.074,437,1777461532019.044,11.129,1
5.085,438,1777461532030.173,11.129,1
5.096,439,1777461532041.304,11.130,1
5.107,440,1777461532052.433,11.129,1
5.119,441,1777461532063.562,11.129,1
5.129,442,1777461532074.692,11.130,1
5.141,443,1777461532085.821,11.129,1
5.152,444,1777461532096.951,11.129,1
5.163,445,1777461532108.081,11.130,1
5.174,446,1777461532119.210,11.129,1
5.185,447,1777461532130.339,11.129,1
5.196,448,1777461532141.469,11.130,1
5.207,449,1777461532152.599,11.129,1
5.218,450,1777461532163.728,11.129,1
5.229,451,1777461532174.858,11.130,1
5.241,452,1777461532185.988,11.129,1
5.252,453,1777461532197.117,11.129,1
5.263,454,1777461532208.247,11.130,1
5.274,455,1777461532219.377,11.129,1
5.285,456,1777461532230.506,11.129,1
5.296,457,1777461532241.636,11.130,1
5.308,458,1777461532252.766,11.129,1
5.319,459,1777461532263.895,11.129,1
5.330,460,1777461532275.026,11.130,1
5.341,461,1777461532286.155,11.129,1
5.352,462,1777461532297.284,11.129,1
5.363,463,1777461532308.415,11.131,1
5.374,464,1777461532319.544,11.129,1
5.385,465,1777461532330.674,11.129,1
5.396,466,1777461532341.804,11.131,1
5.408,467,1777461532352.934,11.129,1
5.419,468,1777461532364.063,11.130,1
5.430,469,1777461532375.194,11.130,1
5.441,470,1777461532386.323,11.130,1
5.452,471,1777461532397.453,11.129,1
5.463,472,1777461532408.583,11.131,1
5.474,473,1777461532419.713,11.129,1
5.485,474,1777461532430.837,11.124,1
5.496,475,1777461532441.960,11.124,1
5.508,476,1777461532453.085,11.125,1
5.519,477,1777461532464.209,11.124,1
5.530,478,1777461532475.333,11.124,1
5.541,479,1777461532486.457,11.125,1
5.552,480,1777461532497.581,11.124,1
5.563,481,1777461532508.704,11.124,1
5.574,482,1777461532519.829,11.125,1
5.585,483,1777461532530.952,11.124,1
5.597,484,1777461532542.076,11.124,1
5.608,485,1777461532553.200,11.124,1
5.619,486,1777461532564.324,11.124,1
5.630,487,1777461532575.447,11.123,1
5.641,488,1777461532586.571,11.124,1
5.652,489,1777461532597.695,11.123,1
5.663,490,1777461532608.818,11.123,1
5.675,491,1777461532619.942,11.124,1
5.686,492,1777461532631.065,11.123,1
5.697,493,1777461532642.188,11.123,1
5.708,494,1777461532653.312,11.124,1
5.719,495,1777461532664.436,11.123,1
5.730,496,1777461532675.558,11.123,1
5.741,497,1777461532686.682,11.124,1
5.752,498,1777461532697.805,11.123,1
5.764,499,1777461532708.928,11.123,1
5.775,500,1777461532720.052,11.124,1
5.786,501,1777461532731.175,11.123,1
5.797,502,1777461532742.298,11.123,1
5.808,503,1777461532753.422,11.124,1
5.819,504,1777461532764.544,11.123,1
5.830,505,1777461532775.667,11.123,1
5.841,506,1777461532786.791,11.124,1
5.853,507,1777461532797.913,11.123,1
5.864,508,1777461532809.036,11.123,1
5.875,509,1777461532820.159,11.124,1
5.886,510,1777461532831.282,11.122,1
5.897,511,1777461532842.404,11.123,1
5.908,512,1777461532853.528,11.124,1
5.919,513,1777461532864.650,11.122,1
5.931,514,1777461532875.772,11.122,1
5.942,515,1777461532886.895,11.122,1
5.953,516,1777461532898.018,11.123,1
5.964,517,1777461532909.140,11.122,1
5.975,518,1777461532920.262,11.122,1
5.986,519,1777461532931.386,11.123,1
5.997,520,1777461532942.508,11.122,1
6.009,521,1777461532953.630,11.122,1
6.020,522,1777461532964.753,11.123,1
6.031,523,1777461532975.875,11.122,1
6.041,524,1777461532986.997,11.122,1
6.053,525,1777461532998.120,11.123,1
6.064,526,1777461533009.242,11.122,1
6.075,527,1777461533020.364,11.122,1
6.086,528,1777461533031.487,11.123,1
6.097,529,1777461533042.608,11.122,1
6.108,530,1777461533053.730,11.122,1
6.119,531,1777461533064.853,11.123,1
6.131,532,1777461533075.975,11.122,1
6.142,533,1777461533087.096,11.122,1
6.153,534,1777461533098.219,11.123,1
6.164,535,1777461533109.341,11.122,1
6.175,536,1777461533120.462,11.122,1
6.187,537,1777461533131.585,11.123,1
6.197,538,1777461533142.706,11.122,1
6.209,539,1777461533153.828,11.121,1
6.220,540,1777461533164.950,11.122,1
6.231,541,1777461533176.072,11.122,1
6.242,542,1777461533187.193,11.121,1
6.254,543,1777461533198.315,11.122,1
6.264,544,1777461533209.436,11.121,1
6.276,545,1777461533220.558,11.121,1
6.286,546,1777461533231.680,11.122,1
6.298,547,1777461533242.801,11.121,1
6.309,548,1777461533253.922,11.121,1
6.320,549,1777461533265.044,11.122,1
6.331,550,1777461533276.165,11.121,1
6.343,551,1777461533287.286,11.121,1
6.353,552,1777461533298.408,11.122,1
6.364,553,1777461533309.529,11.121,1
6.376,554,1777461533320.650,11.121,1
6.387,555,1777461533331.771,11.121,1
6.398,556,1777461533342.893,11.122,1
6.409,557,1777461533354.013,11.121,1
6.420,558,1777461533365.134,11.121,1
6.432,559,1777461533376.256,11.122,1
6.443,560,1777461533387.377,11.121,1
6.454,561,1777461533398.497,11.121,1
6.465,562,1777461533409.619,11.122,1
6.476,563,1777461533420.740,11.122,1
6.487,564,1777461533431.867,11.126,1
6.498,565,1777461533442.994,11.127,1
6.509,566,1777461533454.121,11.126,1
6.521,567,1777461533465.247,11.126,1
6.532,568,1777461533476.375,11.127,1
6.543,569,1777461533487.501,11.126,1
6.554,570,1777461533498.628,11.126,1
6.565,571,1777461533509.755,11.128,1
6.576,572,1777461533520.882,11.126,1
6.587,573,1777461533532.008,11.126,1
6.598,574,1777461533543.136,11.127,1
6.609,575,1777461533554.262,11.126,1
6.620,576,1777461533565.389,11.126,1
6.631,577,1777461533576.516,11.127,1
6.643,578,1777461533587.643,11.126,1
6.654,579,1777461533598.769,11.126,1
6.665,580,1777461533609.896,11.127,1
6.676,581,1777461533621.023,11.126,1
6.687,582,1777461533632.149,11.126,1
6.698,583,1777461533643.277,11.127,1
6.709,584,1777461533654.403,11.126,1
6.720,585,1777461533665.530,11.126,1
6.732,586,1777461533676.657,11.127,1
6.743,587,1777461533687.784,11.126,1
6.754,588,1777461533698.910,11.126,1
6.765,589,1777461533710.038,11.127,1
6.776,590,1777461533721.164,11.126,1
6.787,591,1777461533732.291,11.126,1
6.799,592,1777461533743.418,11.127,1
6.809,593,1777461533754.544,11.126,1
6.821,594,1777461533765.671,11.126,1
6.832,595,1777461533776.797,11.126,1
6.843,596,1777461533787.925,11.127,1
6.854,597,1777461533799.051,11.126,1
6.865,598,1777461533810.177,11.126,1
6.876,599,1777461533821.305,11.127,1
6.887,600,1777461533832.431,11.126,1
6.898,601,1777461533843.558,11.126,1
6.909,602,1777461533854.685,11.127,1
6.921,603,1777461533865.812,11.126,1
6.932,604,1777461533876.938,11.126,1
6.943,605,1777461533888.065,11.127,1
6.954,606,1777461533899.192,11.126,1
6.965,607,1777461533910.318,11.126,1
6.976,608,1777461533921.446,11.127,1
6.987,609,1777461533932.572,11.126,1
6.999,610,1777461533943.698,11.126,1
7.010,611,1777461533954.826,11.127,1
7.021,612,1777461533965.952,11.126,1
7.032,613,1777461533977.079,11.126,1
7.043,614,1777461533988.206,11.127,1
7.054,615,1777461533999.332,11.126,1
7.065,616,1777461534010.459,11.126,1
7.076,617,1777461534021.586,11.127,1
7.087,618,1777461534032.713,11.126,1
7.099,619,1777461534043.839,11.126,1
7.110,620,1777461534054.966,11.127,1
7.121,621,1777461534066.093,11.126,1
7.132,622,1777461534077.219,11.126,1
7.143,623,1777461534088.346,11.127,1
7.154,624,1777461534099.473,11.126,1
7.165,625,1777461534110.599,11.126,1
7.177,626,1777461534121.727,11.127,1
7.188,627,1777461534132.853,11.126,1
7.199,628,1777461534143.979,11.126,1
7.210,629,1777461534155.107,11.127,1
7.221,630,1777461534166.233,11.126,1
7.232,631,1777461534177.359,11.126,1
7.243,632,1777461534188.487,11.127,1
7.254,633,1777461534199.613,11.126,1
7.265,634,1777461534210.740,11.126,1
7.277,635,1777461534221.866,11.126,1
7.288,636,1777461534232.993,11.127,1
7.299,637,1777461534244.120,11.126,1
7.310,638,1777461534255.246,11.126,1
7.321,639,1777461534266.373,11.127,1
7.332,640,1777461534277.500,11.126,1
7.343,641,1777461534288.626,11.126,1
7.355,642,1777461534299.753,11.127,1
7.366,643,1777461534310.880,11.126,1
7.377,644,1777461534322.006,11.126,1
7.388,645,1777461534333.133,11.127,1
7.399,646,1777461534344.260,11.126,1
7.410,647,1777461534355.386,11.126,1
7.421,648,1777461534366.513,11.127,1
7.432,649,1777461534377.640,11.126,1
7.444,650,1777461534388.766,11.126,1
7.455,651,1777461534399.893,11.127,1
7.466,652,1777461534411.020,11.126,1
7.477,653,1777461534422.146,11.126,1
7.488,654,1777461534433.274,11.128,1
7.500,655,1777461534444.401,11.127,1
7.510,656,1777461534455.528,11.127,1
7.521,657,1777461534466.656,11.128,1
7.533,658,1777461534477.782,11.127,1
7.544,659,1777461534488.909,11.127,1
7.555,660,1777461534500.037,11.128,1
7.566,661,1777461534511.164,11.127,1
7.577,662,1777461534522.291,11.127,1
7.588,663,1777461534533.419,11.128,1
7.599,664,1777461534544.545,11.127,1
7.610,665,1777461534555.672,11.127,1
7.622,666,1777461534566.800,11.128,1
7.633,667,1777461534577.927,11.127,1
7.644,668,1777461534589.054,11.127,1
7.655,669,1777461534600.182,11.128,1
7.666,670,1777461534611.309,11.127,1
7.677,671,1777461534622.436,11.127,1
7.688,672,1777461534633.563,11.128,1
7.700,673,1777461534644.690,11.127,1
7.711,674,1777461534655.817,11.127,1
7.722,675,1777461534666.944,11.127,1
7.733,676,1777461534678.072,11.128,1
7.744,677,1777461534689.199,11.127,1
7.755,678,1777461534700.325,11.127,1
7.766,679,1777461534711.453,11.128,1
7.777,680,1777461534722.580,11.127,1
7.788,681,1777461534733.707,11.127,1
7.800,682,1777461534744.835,11.128,1
7.811,683,1777461534755.962,11.127,1
7.822,684,1777461534767.089,11.127,1
7.833,685,1777461534778.217,11.128,1
7.844,686,1777461534789.344,11.127,1
7.856,687,1777461534800.470,11.127,1
7.866,688,1777461534811.598,11.128,1
7.878,689,1777461534822.725,11.127,1
7.889,690,1777461534833.852,11.127,1
7.900,691,1777461534844.980,11.128,1
7.911,692,1777461534856.107,11.127,1
7.922,693,1777461534867.233,11.127,1
7.933,694,1777461534878.361,11.128,1
7.944,695,1777461534889.488,11.127,1
7.956,696,1777461534900.615,11.127,1
7.967,697,1777461534911.743,11.128,1
7.978,698,1777461534922.870,11.127,1
7.989,699,1777461534933.997,11.127,1
8.000,700,1777461534945.125,11.128,1
8.011,701,1777461534956.251,11.127,1
8.022,702,1777461534967.378,11.127,1
8.034,703,1777461534978.506,11.128,1
8.044,704,1777461534989.633,11.127,1
8.056,705,1777461535000.760,11.127,1
8.067,706,1777461535011.888,11.128,1
8.078,707,1777461535023.015,11.127,1
8.089,708,1777461535034.141,11.127,1
8.100,709,1777461535045.269,11.128,1
8.111,710,1777461535056.396,11.127,1
8.122,711,1777461535067.523,11.127,1
8.133,712,1777461535078.651,11.128,1
8.144,713,1777461535089.778,11.127,1
8.156,714,1777461535100.905,11.127,1
8.167,715,1777461535112.031,11.127,1
8.178,716,1777461535123.159,11.128,1
8.189,717,1777461535134.286,11.127,1
8.200,718,1777461535145.413,11.127,1
8.211,719,1777461535156.541,11.128,1
8.222,720,1777461535167.668,11.127,1
8.234,721,1777461535178.795,11.127,1
8.245,722,1777461535189.923,11.128,1
8.256,723,1777461535201.049,11.127,1
8.267,724,1777461535212.176,11.127,1
8.278,725,1777461535223.304,11.128,1
8.289,726,1777461535234.431,11.127,1
8.300,727,1777461535245.558,11.127,1
8.312,728,1777461535256.686,11.128,1
8.323,729,1777461535267.812,11.127,1
8.334,730,1777461535278.939,11.127,1
8.345,731,1777461535290.067,11.128,1
8.356,732,1777461535301.194,11.127,1
8.367,733,1777461535312.321,11.127,1
8.378,734,1777461535323.449,11.128,1
8.389,735,1777461535334.576,11.127,1
8.400,736,1777461535345.703,11.127,1
8.412,737,1777461535356.831,11.128,1
8.423,738,1777461535367.957,11.127,1
8.434,739,1777461535379.084,11.127,1
8.445,740,1777461535390.212,11.128,1
8.456,741,1777461535401.339,11.127,1
8.467,742,1777461535412.466,11.127,1
8.479,743,1777461535423.594,11.128,1
8.490,744,1777461535434.720,11.127,1
8.501,745,1777461535445.847,11.127,1
8.512,746,1777461535456.975,11.128,1
8.523,747,1777461535468.102,11.127,1
8.534,748,1777461535479.228,11.127,1
8.545,749,1777461535490.356,11.128,1
8.556,750,1777461535501.483,11.127,1
8.567,751,1777461535512.610,11.127,1
8.579,752,1777461535523.737,11.128,1
8.590,753,1777461535534.864,11.127,1
8.601,754,1777461535545.991,11.127,1
8.612,755,1777461535557.117,11.127,1
8.623,756,1777461535568.245,11.128,1
8.634,757,1777461535579.372,11.127,1
8.646,758,1777461535590.499,11.127,1
8.657,759,1777461535601.626,11.128,1
8.668,760,1777461535612.753,11.127,1
8.679,761,1777461535623.880,11.127,1
8.690,762,1777461535635.008,11.128,1
8.701,763,1777461535646.135,11.127,1
8.712,764,1777461535657.261,11.127,1
8.724,765,1777461535668.389,11.128,1
8.734,766,1777461535679.516,11.127,1
8.746,767,1777461535690.642,11.127,1
8.757,768,1777461535701.770,11.128,1
8.768,769,1777461535712.897,11.127,1
8.779,770,1777461535724.024,11.127,1
8.790,771,1777461535735.151,11.128,1
8.802,772,1777461535746.278,11.127,1
8.813,773,1777461535757.405,11.127,1
8.824,774,1777461535768.532,11.128,1
8.835,775,1777461535779.659,11.127,1
8.846,776,1777461535790.786,11.127,1
8.857,777,1777461535801.914,11.128,1
8.868,778,1777461535813.041,11.127,1
8.879,779,1777461535824.167,11.127,1
8.890,780,1777461535835.295,11.128,1
8.901,781,1777461535846.422,11.127,1
8.913,782,1777461535857.548,11.127,1
8.924,783,1777461535868.676,11.128,1
8.935,784,1777461535879.803,11.127,1
8.946,785,1777461535890.930,11.127,1
8.958,786,1777461535902.057,11.128,1
8.968,787,1777461535913.184,11.127,1
8.979,788,1777461535924.311,11.127,1
8.990,789,1777461535935.438,11.128,1
9.001,790,1777461535946.565,11.127,1
9.013,791,1777461535957.692,11.127,1
9.024,792,1777461535968.820,11.128,1
9.035,793,1777461535979.947,11.127,1
9.046,794,1777461535991.073,11.127,1
9.057,795,1777461536002.200,11.127,1
9.069,796,1777461536013.328,11.128,1
9.079,797,1777461536024.454,11.127,1
9.091,798,1777461536035.581,11.127,1
9.102,799,1777461536046.709,11.128,1
9.113,800,1777461536057.835,11.127,1
9.124,801,1777461536068.962,11.127,1
9.135,802,1777461536080.090,11.128,1
9.147,803,1777461536091.217,11.127,1
9.157,804,1777461536102.344,11.127,1
9.169,805,1777461536113.471,11.128,1
9.180,806,1777461536124.598,11.127,1
9.191,807,1777461536135.725,11.127,1
9.202,808,1777461536146.852,11.128,1
9.213,809,1777461536157.979,11.127,1
9.224,810,1777461536169.106,11.127,1
9.235,811,1777461536180.233,11.128,1
9.246,812,1777461536191.360,11.127,1
9.257,813,1777461536202.487,11.127,1
9.268,814,1777461536213.615,11.128,1
9.280,815,1777461536224.741,11.127,1
9.291,816,1777461536235.868,11.127,1
9.302,817,1777461536246.996,11.128,1
9.313,818,1777461536258.123,11.127,1
9.324,819,1777461536269.249,11.127,1
9.335,820,1777461536280.377,11.128,1
9.346,821,1777461536291.504,11.127,1
9.357,822,1777461536302.630,11.127,1
9.368,823,1777461536313.758,11.128,1
9.380,824,1777461536324.885,11.127,1
9.391,825,1777461536336.012,11.127,1
9.402,826,1777461536347.139,11.128,1
9.413,827,1777461536358.266,11.127,1
9.424,828,1777461536369.393,11.127,1
9.435,829,1777461536380.521,11.128,1
9.446,830,1777461536391.647,11.127,1
9.458,831,1777461536402.774,11.127,1
9.469,832,1777461536413.902,11.128,1
9.480,833,1777461536425.028,11.127,1
9.491,834,1777461536436.156,11.127,1
9.502,835,1777461536447.282,11.127,1
9.513,836,1777461536458.410,11.128,1
9.525,837,1777461536469.537,11.127,1
9.536,838,1777461536480.664,11.127,1
9.547,839,1777461536491.792,11.128,1
9.558,840,1777461536502.919,11.127,1
9.569,841,1777461536514.046,11.127,1
9.580,842,1777461536525.174,11.128,1
9.591,843,1777461536536.301,11.127,1
9.602,844,1777461536547.428,11.127,1
9.614,845,1777461536558.556,11.128,1
9.625,846,1777461536569.683,11.127,1
9.636,847,1777461536580.810,11.127,1
9.647,848,1777461536591.938,11.128,1
9.658,849,1777461536603.065,11.127,1
9.669,850,1777461536614.192,11.127,1
9.680,851,1777461536625.320,11.128,1
9.691,852,1777461536636.447,11.127,1
9.703,853,1777461536647.574,11.127,1
9.713,854,1777461536658.702,11.128,1
9.724,855,1777461536669.829,11.127,1
9.736,856,1777461536680.956,11.127,1
9.747,857,1777461536692.084,11.128,1
9.758,858,1777461536703.211,11.127,1
9.769,859,1777461536714.338,11.127,1
9.781,860,1777461536725.466,11.128,1
9.792,861,1777461536736.593,11.127,1
9.803,862,1777461536747.720,11.127,1
9.814,863,1777461536758.848,11.128,1
9.825,864,1777461536769.975,11.127,1
9.836,865,1777461536781.102,11.127,1
9.847,866,1777461536792.230,11.128,1
9.858,867,1777461536803.357,11.127,1
9.869,868,1777461536814.484,11.127,1
9.880,869,1777461536825.612,11.128,1
9.892,870,1777461536836.739,11.127,1
9.903,871,1777461536847.866,11.127,1
9.914,872,1777461536858.994,11.128,1
9.925,873,1777461536870.121,11.127,1
9.936,874,1777461536881.248,11.127,1
9.947,875,1777461536892.375,11.127,1
9.958,876,1777461536903.503,11.128,1
9.970,877,1777461536914.630,11.127,1
9.981,878,1777461536925.757,11.127,1
9.992,879,1777461536936.885,11.128,1
10.003,880,1777461536948.012,11.127,1
10.014,881,1777461536959.139,11.127,1
10.025,882,1777461536970.268,11.128,1
10.036,883,1777461536981.395,11.127,1
10.047,884,1777461536992.521,11.127,1
10.058,885,1777461537003.649,11.128,1
10.070,886,1777461537014.777,11.127,1
10.081,887,1777461537025.904,11.127,1
10.092,888,1777461537037.031,11.128,1
10.103,889,1777461537048.158,11.127,1
10.114,890,1777461537059.286,11.127,1
10.125,891,1777461537070.414,11.128,1
10.136,892,1777461537081.541,11.127,1
10.148,893,1777461537092.668,11.127,1
10.159,894,1777461537103.796,11.128,1
10.170,895,1777461537114.923,11.127,1
10.181,896,1777461537126.050,11.127,1
10.192,897,1777461537137.178,11.128,1
10.203,898,1777461537148.305,11.127,1
10.215,899,1777461537159.432,11.127,1
10.225,900,1777461537170.560,11.128,1
10.236,901,1777461537181.687,11.127,1
10.248,902,1777461537192.814,11.127,1
10.259,903,1777461537203.942,11.128,1
10.270,904,1777461537215.069,11.127,1
10.281,905,1777461537226.196,11.127,1
10.292,906,1777461537237.324,11.128,1
10.303,907,1777461537248.451,11.127,1
10.314,908,1777461537259.578,11.127,1
10.325,909,1777461537270.706,11.128,1
10.337,910,1777461537281.833,11.127,1
10.348,911,1777461537292.960,11.127,1
10.359,912,1777461537304.088,11.128,1
10.370,913,1777461537315.215,11.127,1
10.381,914,1777461537326.342,11.127,1
10.393,915,1777461537337.469,11.127,1
10.404,916,1777461537348.597,11.128,1
10.415,917,1777461537359.724,11.127,1
10.426,918,1777461537370.851,11.127,1
10.437,919,1777461537381.979,11.128,1
10.448,920,1777461537393.106,11.127,1
10.459,921,1777461537404.233,11.127,1
10.470,922,1777461537415.361,11.128,1
10.481,923,1777461537426.488,11.127,1
10.493,924,1777461537437.615,11.127,1
10.504,925,1777461537448.743,11.128,1
10.515,926,1777461537459.870,11.127,1
10.526,927,1777461537470.997,11.127,1
10.537,928,1777461537482.125,11.128,1
10.548,929,1777461537493.252,11.127,1
10.559,930,1777461537504.379,11.127,1
10.570,931,1777461537515.507,11.128,1
10.581,932,1777461537526.634,11.127,1
10.593,933,1777461537537.760,11.127,1
10.604,934,1777461537548.888,11.128,1
10.615,935,1777461537560.015,11.127,1
10.626,936,1777461537571.142,11.127,1
10.638,937,1777461537582.270,11.128,1
10.648,938,1777461537593.397,11.127,1
10.659,939,1777461537604.524,11.127,1
10.670,940,1777461537615.652,11.128,1
10.681,941,1777461537626.779,11.127,1
10.693,942,1777461537637.906,11.127,1
10.704,943,1777461537649.034,11.128,1
10.715,944,1777461537660.161,11.127,1
10.726,945,1777461537671.288,11.127,1
10.737,946,1777461537682.416,11.128,1
10.749,947,1777461537693.542,11.127,1
10.759,948,1777461537704.669,11.127,1
10.771,949,1777461537715.797,11.128,1
10.782,950,1777461537726.924,11.127,1
10.793,951,1777461537738.051,11.127,1
10.804,952,1777461537749.179,11.128,1
10.815,953,1777461537760.306,11.127,1
10.826,954,1777461537771.433,11.127,1
10.837,955,1777461537782.560,11.127,1
10.849,956,1777461537793.688,11.128,1
10.860,957,1777461537804.815,11.127,1
10.871,958,1777461537815.942,11.127,1
10.882,959,1777461537827.070,11.128,1
10.893,960,1777461537838.196,11.127,1
10.904,961,1777461537849.323,11.127,1
10.915,962,1777461537860.451,11.128,1
10.927,963,1777461537871.578,11.127,1
10.937,964,1777461537882.705,11.127,1
10.949,965,1777461537893.833,11.128,1
10.960,966,1777461537904.960,11.127,1
10.971,967,1777461537916.087,11.127,1
10.982,968,1777461537927.215,11.128,1
10.994,969,1777461537938.342,11.127,1
11.004,970,1777461537949.469,11.127,1
11.015,971,1777461537960.597,11.128,1
11.026,972,1777461537971.724,11.127,1
11.038,973,1777461537982.850,11.127,1
11.049,974,1777461537993.978,11.128,1
11.060,975,1777461538005.105,11.127,1
11.071,976,1777461538016.232,11.127,1
11.083,977,1777461538027.360,11.128,1
11.094,978,1777461538038.487,11.127,1
11.104,979,1777461538049.614,11.127,1
11.116,980,1777461538060.742,11.128,1
11.127,981,1777461538071.869,11.127,1
11.138,982,1777461538082.996,11.127,1
11.149,983,1777461538094.124,11.128,1
11.160,984,1777461538105.251,11.127,1
11.171,985,1777461538116.378,11.127,1
11.182,986,1777461538127.506,11.128,1
11.193,987,1777461538138.633,11.127,1
11.205,988,1777461538149.759,11.127,1
11.216,989,1777461538160.887,11.128,1
11.227,990,1777461538172.014,11.127,1
11.238,991,1777461538183.141,11.127,1
11.249,992,1777461538194.269,11.128,1
11.260,993,1777461538205.396,11.127,1
11.271,994,1777461538216.523,11.127,1
11.282,995,1777461538227.650,11.127,1
11.294,996,1777461538238.778,11.128,1
11.305,997,1777461538249.905,11.127,1
11.316,998,1777461538261.032,11.127,1
11.327,999,1777461538272.160,11.128,1
11.338,1000,1777461538283.287,11.127,1
11.349,1001,1777461538294.414,11.127,1
11.361,1002,1777461538305.542,11.128,1
11.372,1003,1777461538316.668,11.127,1
11.383,1004,1777461538327.795,11.127,1
11.394,1005,1777461538338.923,11.128,1
11.405,1006,1777461538350.050,11.127,1
11.416,1007,1777461538361.177,11.127,1
11.427,1008,1777461538372.305,11.128,1
11.438,1009,1777461538383.432,11.127,1
11.450,1010,1777461538394.559,11.127,1
11.461,1011,1777461538405.687,11.128,1
11.472,1012,1777461538416.814,11.127,1
11.483,1013,1777461538427.941,11.127,1
11.494,1014,1777461538439.068,11.127,1
11.505,1015,1777461538450.195,11.126,1
11.527,1017,1777461538472.449,22.254,2
11.539,1018,1777461538483.575,11.126,2
11.550,1019,1777461538494.702,11.126,2
11.561,1020,1777461538505.829,11.128,2
11.572,1021,1777461538516.956,11.126,2
11.583,1022,1777461538528.082,11.126,2
11.594,1023,1777461538539.210,11.127,2
11.605,1024,1777461538550.336,11.127,2
11.617,1025,1777461538561.463,11.126,2
11.628,1026,1777461538572.590,11.127,2
11.639,1027,1777461538583.717,11.126,2
11.650,1028,1777461538594.844,11.127,2
11.661,1029,1777461538605.971,11.127,2
11.672,1030,1777461538617.097,11.126,2
11.683,1031,1777461538628.224,11.126,2
11.694,1032,1777461538639.352,11.128,2
11.705,1033,1777461538650.478,11.126,2
11.717,1034,1777461538661.604,11.126,2
11.728,1035,1777461538672.731,11.126,2
11.739,1036,1777461538683.858,11.127,2
11.750,1037,1777461538694.985,11.127,2
11.761,1038,1777461538706.112,11.126,2
11.772,1039,1777461538717.239,11.127,2
11.783,1040,1777461538728.365,11.126,2
11.795,1041,1777461538739.492,11.126,2
11.806,1042,1777461538750.620,11.128,2
11.817,1043,1777461538761.746,11.126,2
11.828,1044,1777461538772.873,11.126,2
11.839,1045,1777461538784.000,11.127,2
11.850,1046,1777461538795.126,11.126,2
11.862,1047,1777461538806.253,11.126,2
11.872,1048,1777461538817.381,11.128,2
11.884,1049,1777461538828.507,11.126,2
11.894,1050,1777461538839.634,11.126,2
11.906,1051,1777461538850.761,11.127,2
11.917,1052,1777461538861.887,11.126,2
11.928,1053,1777461538873.014,11.126,2
11.939,1054,1777461538884.142,11.128,2
11.950,1055,1777461538895.268,11.126,2
11.961,1056,1777461538906.395,11.126,2
11.972,1057,1777461538917.522,11.127,2
11.983,1058,1777461538928.648,11.126,2
11.995,1059,1777461538939.775,11.126,2
12.006,1060,1777461538950.903,11.128,2
12.017,1061,1777461538962.029,11.126,2
12.028,1062,1777461538973.156,11.126,2
12.039,1063,1777461538984.283,11.127,2
12.050,1064,1777461538995.409,11.126,2
12.061,1065,1777461539006.536,11.126,2
12.072,1066,1777461539017.663,11.127,2
12.084,1067,1777461539028.790,11.126,2
12.095,1068,1777461539039.917,11.127,2
12.106,1069,1777461539051.044,11.127,2
12.117,1070,1777461539062.170,11.126,2
12.128,1071,1777461539073.297,11.126,2
12.139,1072,1777461539084.424,11.127,2
12.150,1073,1777461539095.551,11.126,2
12.161,1074,1777461539106.677,11.126,2
12.173,1075,1777461539117.804,11.126,2
12.184,1076,1777461539128.931,11.127,2
12.195,1077,1777461539140.058,11.127,2
12.206,1078,1777461539151.184,11.126,2
12.217,1079,1777461539162.312,11.127,2
12.228,1080,1777461539173.438,11.126,2
12.239,1081,1777461539184.565,11.126,2
12.250,1082,1777461539195.692,11.127,2
12.262,1083,1777461539206.819,11.126,2
12.273,1084,1777461539217.945,11.126,2
12.284,1085,1777461539229.073,11.127,2
12.295,1086,1777461539240.199,11.126,2
12.306,1087,1777461539251.325,11.126,2
12.317,1088,1777461539262.453,11.127,2
12.329,1089,1777461539273.580,11.127,2
12.340,1090,1777461539284.706,11.126,2
12.351,1091,1777461539295.833,11.127,2
12.362,1092,1777461539306.960,11.126,2
12.373,1093,1777461539318.086,11.126,2
12.384,1094,1777461539329.214,11.127,2
12.395,1095,1777461539340.340,11.126,2
12.407,1096,1777461539351.467,11.126,2
12.417,1097,1777461539362.594,11.127,2
12.428,1098,1777461539373.721,11.126,2
12.441,1099,1777461539384.847,11.126,2
12.463,1101,1777461539407.101,22.254,3
12.474,1102,1777461539418.228,11.126,3
12.485,1103,1777461539429.355,11.127,3
12.495,1104,1777461539440.482,11.127,3
12.517,1106,1777461539462.736,22.254,4
12.529,1107,1777461539473.863,11.127,4
12.540,1108,1777461539484.990,11.127,4
12.551,1109,1777461539496.118,11.128,4
12.562,1110,1777461539507.245,11.127,4
12.573,1111,1777461539518.371,11.127,4
12.584,1112,1777461539529.499,11.128,4
12.595,1113,1777461539540.626,11.127,4
12.606,1114,1777461539551.753,11.127,4
12.618,1115,1777461539562.879,11.127,4
12.629,1116,1777461539574.007,11.128,4
12.640,1117,1777461539585.134,11.127,4
12.651,1118,1777461539596.261,11.127,4
12.662,1119,1777461539607.389,11.128,4
12.673,1120,1777461539618.515,11.127,4
12.684,1121,1777461539629.642,11.127,4
12.696,1122,1777461539640.770,11.128,4
12.707,1123,1777461539651.897,11.127,4
12.718,1124,1777461539663.023,11.127,4
12.729,1125,1777461539674.151,11.128,4
12.740,1126,1777461539685.278,11.127,4
12.751,1127,1777461539696.405,11.127,4
12.762,1128,1777461539707.533,11.128,4
12.773,1129,1777461539718.659,11.127,4
12.785,1130,1777461539729.786,11.127,4
12.796,1131,1777461539740.914,11.128,4
12.807,1132,1777461539752.041,11.127,4
12.818,1133,1777461539763.167,11.127,4
12.829,1134,1777461539774.295,11.128,4
12.840,1135,1777461539785.422,11.127,4
12.851,1136,1777461539796.549,11.127,4
12.862,1137,1777461539807.677,11.128,4
12.874,1138,1777461539818.803,11.127,4
12.885,1139,1777461539829.930,11.127,4
12.896,1140,1777461539841.058,11.128,4
12.907,1141,1777461539852.185,11.127,4
12.918,1142,1777461539863.312,11.127,4
12.930,1143,1777461539874.439,11.128,4
12.940,1144,1777461539885.566,11.127,4
12.952,1145,1777461539896.693,11.127,4
12.963,1146,1777461539907.821,11.128,4
12.974,1147,1777461539918.948,11.127,4
12.985,1148,1777461539930.074,11.127,4
12.996,1149,1777461539941.202,11.128,4
13.007,1150,1777461539952.329,11.127,4
13.019,1151,1777461539963.456,11.127,4
13.030,1152,1777461539974.583,11.128,4
13.040,1153,1777461539985.710,11.127,4
13.052,1154,1777461539996.837,11.127,4
13.063,1155,1777461540007.964,11.127,4
13.074,1156,1777461540019.092,11.128,4
13.085,1157,1777461540030.218,11.127,4
13.096,1158,1777461540041.345,11.127,4
13.107,1159,1777461540052.473,11.128,4
13.118,1160,1777461540063.600,11.127,4
13.130,1161,1777461540074.726,11.127,4
13.141,1162,1777461540085.854,11.128,4
13.152,1163,1777461540096.981,11.127,4
13.163,1164,1777461540108.108,11.127,4
13.174,1165,1777461540119.235,11.128,4
13.185,1166,1777461540130.362,11.127,4
13.196,1167,1777461540141.489,11.127,4
13.207,1168,1777461540152.617,11.128,4
13.219,1169,1777461540163.744,11.127,4
13.230,1170,1777461540174.870,11.127,4
13.241,1171,1777461540185.998,11.128,4
13.252,1172,1777461540197.125,11.127,4
13.263,1173,1777461540208.252,11.127,4
13.274,1174,1777461540219.379,11.128,4
13.285,1175,1777461540230.506,11.127,4
13.297,1176,1777461540241.633,11.127,4
13.308,1177,1777461540252.761,11.128,4
13.319,1178,1777461540263.887,11.127,4
13.330,1179,1777461540275.014,11.127,4
13.341,1180,1777461540286.142,11.128,4
13.352,1181,1777461540297.269,11.127,4
13.363,1182,1777461540308.396,11.127,4
13.375,1183,1777461540319.523,11.128,4
13.386,1184,1777461540330.650,11.127,4
13.397,1185,1777461540341.777,11.127,4
13.408,1186,1777461540352.905,11.128,4
13.419,1187,1777461540364.031,11.127,4
13.430,1188,1777461540375.158,11.127,4
13.441,1189,1777461540386.286,11.128,4
13.452,1190,1777461540397.413,11.127,4
13.464,1191,1777461540408.540,11.127,4
13.475,1192,1777461540419.667,11.128,4
13.486,1193,1777461540430.794,11.127,4
13.497,1194,1777461540441.920,11.126,4
13.508,1195,1777461540453.047,11.126,4
13.519,1196,1777461540464.175,11.128,4
13.530,1197,1777461540475.301,11.126,4
13.541,1198,1777461540486.428,11.127,4
13.552,1199,1777461540497.555,11.127,4
13.563,1200,1777461540508.682,11.126,4
13.575,1201,1777461540519.808,11.127,4
13.586,1202,1777461540530.936,11.127,4
13.597,1203,1777461540542.062,11.127,4
13.608,1204,1777461540553.189,11.126,4
13.619,1205,1777461540564.317,11.128,4
13.630,1206,1777461540575.443,11.126,4
13.642,1207,1777461540586.570,11.126,4
13.652,1208,1777461540597.697,11.128,4
13.664,1209,1777461540608.824,11.126,4
13.675,1210,1777461540619.950,11.126,4
13.686,1211,1777461540631.078,11.128,4
13.697,1212,1777461540642.204,11.126,4
13.708,1213,1777461540653.331,11.127,4
13.720,1214,1777461540664.458,11.127,4
13.730,1215,1777461540675.585,11.126,4
13.741,1216,1777461540686.712,11.127,4
13.753,1217,1777461540697.839,11.127,4
13.764,1218,1777461540708.966,11.127,4
13.775,1219,1777461540720.092,11.126,4
13.786,1220,1777461540731.220,11.127,4
13.798,1221,1777461540742.346,11.127,4
13.809,1222,1777461540753.473,11.126,4
13.819,1223,1777461540764.600,11.127,4
13.831,1224,1777461540775.727,11.127,4
13.842,1225,1777461540786.854,11.126,4
13.853,1226,1777461540797.981,11.127,4
13.864,1227,1777461540809.108,11.127,4
13.875,1228,1777461540820.234,11.126,4
13.886,1229,1777461540831.362,11.128,4
13.898,1230,1777461540842.488,11.126,4
13.908,1231,1777461540853.615,11.126,4
13.920,1232,1777461540864.742,11.128,4
13.931,1233,1777461540875.869,11.126,4
13.942,1234,1777461540886.995,11.126,4
13.953,1235,1777461540898.122,11.127,4
13.964,1236,1777461540909.250,11.127,4
13.976,1237,1777461540920.376,11.126,4
13.986,1238,1777461540931.503,11.127,4
13.998,1239,1777461540942.630,11.127,4
14.009,1240,1777461540953.757,11.126,4
14.020,1241,1777461540964.883,11.127,4
14.031,1242,1777461540976.011,11.127,4
14.042,1243,1777461540987.137,11.126,4
14.053,1244,1777461540998.264,11.127,4
14.065,1245,1777461541009.391,11.127,4
14.076,1246,1777461541020.518,11.126,4
14.087,1247,1777461541031.644,11.126,4
14.098,1248,1777461541042.772,11.128,4
14.109,1249,1777461541053.898,11.126,4
14.120,1250,1777461541065.025,11.126,4
14.131,1251,1777461541076.153,11.128,4
14.143,1252,1777461541087.279,11.126,4
14.153,1253,1777461541098.406,11.126,4
14.164,1254,1777461541109.533,11.128,4
14.176,1255,1777461541120.660,11.126,4
14.187,1256,1777461541131.786,11.126,4
14.198,1257,1777461541142.914,11.128,4
14.209,1258,1777461541154.040,11.126,4
14.220,1259,1777461541165.167,11.126,4
14.231,1260,1777461541176.294,11.128,4
14.242,1261,1777461541187.421,11.126,4
14.254,1262,1777461541198.547,11.126,4
14.265,1263,1777461541209.675,11.127,4
14.276,1264,1777461541220.802,11.127,4
14.287,1265,1777461541231.928,11.126,4
14.298,1266,1777461541243.055,11.127,4
14.309,1267,1777461541254.182,11.127,4
14.320,1268,1777461541265.309,11.126,4
14.331,1269,1777461541276.436,11.127,4
14.342,1270,1777461541287.562,11.126,4
14.353,1271,1777461541298.689,11.127,4
14.365,1272,1777461541309.817,11.127,4
14.376,1273,1777461541320.943,11.126,4
14.387,1274,1777461541332.070,11.126,4
14.398,1275,1777461541343.196,11.127,4
14.410,1276,1777461541354.324,11.127,4
14.420,1277,1777461541365.450,11.126,4
14.431,1278,1777461541376.577,11.126,4
14.443,1279,1777461541387.704,11.128,4
14.454,1280,1777461541398.831,11.126,4
14.465,1281,1777461541409.957,11.126,4
14.476,1282,1777461541421.085,11.128,4
14.487,1283,1777461541432.211,11.126,4
14.499,1284,1777461541443.338,11.127,4
14.510,1285,1777461541454.466,11.128,4
14.521,1286,1777461541465.592,11.126,4
14.532,1287,1777461541476.719,11.127,4
14.543,1288,1777461541487.847,11.128,4
14.554,1289,1777461541498.973,11.126,4
14.565,1290,1777461541510.100,11.127,4
14.576,1291,1777461541521.228,11.128,4
14.587,1292,1777461541532.354,11.126,4
14.598,1293,1777461541543.481,11.127,4
14.610,1294,1777461541554.608,11.127,4
14.621,1295,1777461541565.735,11.127,4
14.632,1296,1777461541576.862,11.127,4
14.643,1297,1777461541587.989,11.127,4
14.654,1298,1777461541599.116,11.127,4
14.665,1299,1777461541610.242,11.127,4
14.676,1300,1777461541621.370,11.127,4
14.687,1301,1777461541632.497,11.127,4
14.699,1302,1777461541643.623,11.127,4
14.710,1303,1777461541654.751,11.127,4
14.721,1304,1777461541665.877,11.127,4
14.732,1305,1777461541677.004,11.126,4
14.743,1306,1777461541688.132,11.128,4
14.754,1307,1777461541699.258,11.127,4
14.765,1308,1777461541710.385,11.126,4
14.777,1309,1777461541721.512,11.128,4
14.788,1310,1777461541732.639,11.127,4
14.799,1311,1777461541743.766,11.126,4
14.810,1312,1777461541754.893,11.128,4
14.821,1313,1777461541766.020,11.127,4
14.832,1314,1777461541777.146,11.126,4
14.843,1315,1777461541788.273,11.127,4
14.855,1316,1777461541799.401,11.127,4
14.865,1317,1777461541810.527,11.127,4
14.877,1318,1777461541821.654,11.127,4
14.888,1319,1777461541832.781,11.127,4
14.899,1320,1777461541843.908,11.127,4
14.910,1321,1777461541855.035,11.126,4
14.921,1322,1777461541866.162,11.128,4
14.932,1323,1777461541877.289,11.127,4
14.944,1324,1777461541888.416,11.126,4
14.955,1325,1777461541899.543,11.128,4
14.966,1326,1777461541910.670,11.127,4
14.977,1327,1777461541921.796,11.126,4
14.988,1328,1777461541932.924,11.128,4
14.999,1329,1777461541944.051,11.126,4
15.010,1330,1777461541955.177,11.127,4
15.022,1331,1777461541966.305,11.128,4
15.032,1332,1777461541977.431,11.126,4
15.043,1333,1777461541988.558,11.127,4
15.055,1334,1777461541999.686,11.127,4
15.066,1335,1777461542010.812,11.127,4
15.077,1336,1777461542021.939,11.126,4
15.088,1337,1777461542033.066,11.128,4
15.099,1338,1777461542044.193,11.127,4
15.110,1339,1777461542055.320,11.126,4
15.122,1340,1777461542066.447,11.128,4
15.132,1341,1777461542077.574,11.126,4
15.144,1342,1777461542088.700,11.127,4
15.155,1343,1777461542099.828,11.128,4
15.166,1344,1777461542110.955,11.126,4
15.177,1345,1777461542122.081,11.127,4
15.188,1346,1777461542133.209,11.127,4
15.199,1347,1777461542144.335,11.127,4
15.211,1348,1777461542155.462,11.127,4
15.222,1349,1777461542166.590,11.127,4
15.233,1350,1777461542177.716,11.127,4
15.244,1351,1777461542188.843,11.126,4
15.255,1352,1777461542199.970,11.128,4
15.266,1353,1777461542211.097,11.126,4
15.277,1354,1777461542222.224,11.127,4
15.288,1355,1777461542233.350,11.127,4
15.300,1356,1777461542244.478,11.127,4
15.311,1357,1777461542255.604,11.127,4
15.322,1358,1777461542266.731,11.126,4
15.333,1359,1777461542277.859,11.128,4
15.344,1360,1777461542288.985,11.126,4
15.355,1361,1777461542300.112,11.127,4
15.366,1362,1777461542311.240,11.128,4
15.378,1363,1777461542322.366,11.126,4
15.388,1364,1777461542333.493,11.127,4
15.400,1365,1777461542344.620,11.127,4
15.411,1366,1777461542355.747,11.127,4
15.422,1367,1777461542366.873,11.126,4
15.433,1368,1777461542378.001,11.128,4
15.444,1369,1777461542389.127,11.126,4
15.456,1370,1777461542400.254,11.127,4
15.466,1371,1777461542411.382,11.128,4
15.478,1372,1777461542422.508,11.126,4
15.488,1373,1777461542433.635,11.127,4
15.500,1374,1777461542444.763,11.128,4
15.511,1375,1777461542455.890,11.127,4
15.522,1376,1777461542467.017,11.127,4
15.533,1377,1777461542478.145,11.128,4
15.544,1378,1777461542489.272,11.127,4
15.556,1379,1777461542500.398,11.127,4
15.566,1380,1777461542511.526,11.128,4
15.578,1381,1777461542522.653,11.127,4
15.589,1382,1777461542533.780,11.127,4
15.600,1383,1777461542544.908,11.128,4
15.611,1384,1777461542556.035,11.127,4
15.622,1385,1777461542567.162,11.127,4
15.633,1386,1777461542578.290,11.128,4
15.644,1387,1777461542589.417,11.127,4
15.656,1388,1777461542600.543,11.127,4
15.667,1389,1777461542611.671,11.128,4
15.678,1390,1777461542622.798,11.127,4
15.689,1391,1777461542633.925,11.127,4
15.700,1392,1777461542645.053,11.128,4
15.711,1393,1777461542656.180,11.127,4
15.722,1394,1777461542667.307,11.127,4
15.733,1395,1777461542678.434,11.127,4
15.744,1396,1777461542689.562,11.128,4
15.756,1397,1777461542700.688,11.127,4
15.767,1398,1777461542711.815,11.127,4
15.779,1399,1777461542722.943,11.128,4
15.789,1400,1777461542734.070,11.127,4
15.800,1401,1777461542745.197,11.127,4
15.812,1402,1777461542756.325,11.128,4
15.822,1403,1777461542767.452,11.127,4
15.833,1404,1777461542778.579,11.127,4
15.845,1405,1777461542789.707,11.128,4
15.856,1406,1777461542800.833,11.127,4
15.867,1407,1777461542811.960,11.127,4
15.878,1408,1777461542823.088,11.128,4
15.889,1409,1777461542834.215,11.127,4
15.900,1410,1777461542845.342,11.127,4
15.912,1411,1777461542856.470,11.128,4
15.923,1412,1777461542867.597,11.127,4
15.934,1413,1777461542878.724,11.127,4
15.945,1414,1777461542889.852,11.128,4
15.956,1415,1777461542900.979,11.127,4
15.967,1416,1777461542912.105,11.127,4
15.979,1417,1777461542923.233,11.128,4
15.990,1418,1777461542934.360,11.127,4
16.001,1419,1777461542945.487,11.127,4
16.012,1420,1777461542956.615,11.128,4
16.023,1421,1777461542967.742,11.127,4
16.034,1422,1777461542978.869,11.127,4
16.045,1423,1777461542989.997,11.128,4
16.056,1424,1777461543001.124,11.127,4
16.067,1425,1777461543012.250,11.127,4
16.078,1426,1777461543023.378,11.128,4
16.089,1427,1777461543034.505,11.127,4
16.101,1428,1777461543045.632,11.127,4
16.112,1429,1777461543056.760,11.128,4
16.123,1430,1777461543067.887,11.127,4
16.134,1431,1777461543079.014,11.127,4
16.145,1432,1777461543090.142,11.128,4
16.156,1433,1777461543101.269,11.127,4
16.167,1434,1777461543112.396,11.127,4
16.179,1435,1777461543123.522,11.127,4
16.190,1436,1777461543134.650,11.128,4
16.201,1437,1777461543145.777,11.127,4
16.212,1438,1777461543156.904,11.127,4
16.223,1439,1777461543168.032,11.128,4
16.234,1440,1777461543179.159,11.127,4
16.245,1441,1777461543190.286,11.127,4
16.256,1442,1777461543201.414,11.128,4
16.268,1443,1777461543212.541,11.127,4
16.279,1444,1777461543223.667,11.127,4
16.290,1445,1777461543234.795,11.128,4
16.301,1446,1777461543245.922,11.127,4
16.312,1447,1777461543257.049,11.127,4
16.323,1448,1777461543268.177,11.128,4
16.335,1449,1777461543279.304,11.127,4
16.346,1450,1777461543290.431,11.127,4
16.356,1451,1777461543301.559,11.128,4
16.368,1452,1777461543312.686,11.127,4
16.379,1453,1777461543323.813,11.127,4
16.390,1454,1777461543334.941,11.128,4
16.401,1455,1777461543346.068,11.127,4
16.412,1456,1777461543357.195,11.127,4
16.423,1457,1777461543368.322,11.128,4
16.434,1458,1777461543379.449,11.127,4
16.445,1459,1777461543390.576,11.127,4
16.457,1460,1777461543401.704,11.128,4
16.468,1461,1777461543412.831,11.127,4
16.479,1462,1777461543423.958,11.127,4
16.490,1463,1777461543435.086,11.128,4
16.501,1464,1777461543446.213,11.127,4
16.512,1465,1777461543457.340,11.127,4
16.523,1466,1777461543468.468,11.128,4
16.535,1467,1777461543479.595,11.127,4
16.546,1468,1777461543490.722,11.127,4
16.557,1469,1777461543501.850,11.128,4
16.568,1470,1777461543512.977,11.127,4
16.579,1471,1777461543524.104,11.127,4
16.590,1472,1777461543535.232,11.128,4
16.601,1473,1777461543546.359,11.127,4
16.613,1474,1777461543557.486,11.127,4
16.624,1475,1777461543568.613,11.127,4
16.635,1476,1777461543579.741,11.128,4
16.646,1477,1777461543590.868,11.127,4
16.657,1478,1777461543601.995,11.127,4
16.668,1479,1777461543613.123,11.128,4
16.679,1480,1777461543624.250,11.127,4
16.690,1481,1777461543635.377,11.127,4
16.701,1482,1777461543646.506,11.128,4
16.712,1483,1777461543657.633,11.127,4
16.723,1484,1777461543668.760,11.127,4
16.735,1485,1777461543679.888,11.128,4
16.746,1486,1777461543691.015,11.127,4
16.757,1487,1777461543702.142,11.127,4
16.768,1488,1777461543713.270,11.128,4
16.779,1489,1777461543724.397,11.127,4
16.790,1490,1777461543735.524,11.127,4
16.801,1491,1777461543746.652,11.128,4
16.813,1492,1777461543757.779,11.127,4
16.824,1493,1777461543768.906,11.127,4
16.835,1494,1777461543780.034,11.128,4
16.846,1495,1777461543791.161,11.127,4
16.857,1496,1777461543802.288,11.127,4
16.869,1497,1777461543813.416,11.128,4
16.879,1498,1777461543824.543,11.127,4
16.891,1499,1777461543835.670,11.127,4
16.902,1500,1777461543846.798,11.128,4
16.913,1501,1777461543857.925,11.127,4
16.924,1502,1777461543869.052,11.127,4
16.935,1503,1777461543880.180,11.128,4
16.946,1504,1777461543891.307,11.127,4
16.957,1505,1777461543902.434,11.127,4
16.969,1506,1777461543913.562,11.128,4
16.980,1507,1777461543924.689,11.127,4
16.991,1508,1777461543935.817,11.127,4
17.002,1509,1777461543946.945,11.128,4
17.013,1510,1777461543958.072,11.127,4
17.024,1511,1777461543969.199,11.127,4
17.035,1512,1777461543980.327,11.128,4
17.046,1513,1777461543991.454,11.127,4
17.057,1514,1777461544002.581,11.127,4
17.068,1515,1777461544013.708,11.127,4
17.080,1516,1777461544024.836,11.128,4
17.091,1517,1777461544035.963,11.127,4
17.102,1518,1777461544047.090,11.127,4
17.113,1519,1777461544058.218,11.128,4
17.124,1520,1777461544069.345,11.127,4
17.135,1521,1777461544080.472,11.127,4
17.146,1522,1777461544091.600,11.128,4
17.158,1523,1777461544102.727,11.127,4
17.169,1524,1777461544113.854,11.127,4
17.180,1525,1777461544124.982,11.128,4
17.191,1526,1777461544136.109,11.127,4
17.202,1527,1777461544147.237,11.127,4
17.213,1528,1777461544158.365,11.128,4
17.224,1529,1777461544169.492,11.127,4
17.235,1530,1777461544180.619,11.127,4
17.247,1531,1777461544191.747,11.128,4
17.258,1532,1777461544202.874,11.127,4
17.269,1533,1777461544214.001,11.127,4
17.281,1534,1777461544225.129,11.128,4
17.291,1535,1777461544236.256,11.127,4
17.302,1536,1777461544247.383,11.127,4
17.313,1537,1777461544258.511,11.128,4
17.324,1538,1777461544269.638,11.127,4
17.335,1539,1777461544280.765,11.127,4
17.347,1540,1777461544291.893,11.128,4
17.358,1541,1777461544303.020,11.127,4
17.369,1542,1777461544314.147,11.127,4
17.380,1543,1777461544325.275,11.128,4
17.391,1544,1777461544336.403,11.127,4
17.402,1545,1777461544347.530,11.127,4
17.414,1546,1777461544358.658,11.128,4
17.425,1547,1777461544369.785,11.127,4
17.436,1548,1777461544380.912,11.127,4
17.447,1549,1777461544392.040,11.128,4
17.458,1550,1777461544403.167,11.127,4
17.469,1551,1777461544414.294,11.127,4
17.480,1552,1777461544425.422,11.128,4
17.491,1553,1777461544436.549,11.127,4
17.502,1554,1777461544447.676,11.127,4
17.513,1555,1777461544458.802,11.127,4
17.525,1556,1777461544469.930,11.128,4
17.536,1557,1777461544481.057,11.127,4
17.547,1558,1777461544492.184,11.127,4
17.558,1559,1777461544503.312,11.128,4
17.569,1560,1777461544514.438,11.127,4
17.580,1561,1777461544525.565,11.127,4
17.591,1562,1777461544536.693,11.128,4
17.602,1563,1777461544547.820,11.127,4
17.614,1564,1777461544558.946,11.127,4
17.625,1565,1777461544570.074,11.128,4
17.636,1566,1777461544581.201,11.127,4
17.647,1567,1777461544592.328,11.127,4
17.658,1568,1777461544603.455,11.128,4
17.669,1569,1777461544614.582,11.127,4
17.680,1570,1777461544625.709,11.127,4
17.692,1571,1777461544636.837,11.128,4
17.703,1572,1777461544647.963,11.127,4
17.714,1573,1777461544659.090,11.127,4
17.725,1574,1777461544670.218,11.128,4
17.736,1575,1777461544681.345,11.127,4
17.747,1576,1777461544692.471,11.127,4
17.758,1577,1777461544703.599,11.128,4
17.770,1578,1777461544714.726,11.127,4
17.781,1579,1777461544725.853,11.127,4
17.792,1580,1777461544736.980,11.128,4
17.803,1581,1777461544748.107,11.127,4
17.814,1582,1777461544759.234,11.127,4
17.825,1583,1777461544770.362,11.128,4
17.836,1584,1777461544781.489,11.127,4
17.847,1585,1777461544792.615,11.127,4
17.858,1586,1777461544803.743,11.128,4
17.881,1588,1777461544825.997,22.253,5
17.892,1589,1777461544837.125,11.128,5
17.903,1590,1777461544848.251,11.127,5
17.915,1591,1777461544859.378,11.127,5
17.926,1592,1777461544870.506,11.128,5
17.937,1593,1777461544881.633,11.127,5
17.948,1594,1777461544892.759,11.127,5
17.959,1595,1777461544903.886,11.127,5
17.970,1596,1777461544915.014,11.128,5
17.981,1597,1777461544926.141,11.127,5
17.992,1598,1777461544937.267,11.127,5
18.003,1599,1777461544948.395,11.128,5
18.014,1600,1777461544959.522,11.127,5
18.025,1601,1777461544970.649,11.127,5
18.037,1602,1777461544981.776,11.128,5
18.048,1603,1777461544992.903,11.127,5
18.059,1604,1777461545004.030,11.127,5
18.070,1605,1777461545015.158,11.128,5
18.081,1606,1777461545026.285,11.127,5
18.093,1607,1777461545037.411,11.127,5
18.104,1608,1777461545048.539,11.128,5
18.115,1609,1777461545059.666,11.127,5
18.126,1610,1777461545070.793,11.127,5
18.137,1611,1777461545081.920,11.128,5
18.148,1612,1777461545093.047,11.127,5
18.159,1613,1777461545104.174,11.127,5
18.170,1614,1777461545115.302,11.128,5
18.182,1615,1777461545126.428,11.127,5
18.192,1616,1777461545137.555,11.127,5
18.204,1617,1777461545148.683,11.128,5
18.215,1618,1777461545159.810,11.127,5
18.226,1619,1777461545170.937,11.127,5
18.237,1620,1777461545182.064,11.128,5
18.248,1621,1777461545193.191,11.127,5
18.259,1622,1777461545204.318,11.127,5
18.270,1623,1777461545215.446,11.128,5
18.282,1624,1777461545226.573,11.127,5
18.293,1625,1777461545237.699,11.127,5
18.304,1626,1777461545248.827,11.128,5
18.315,1627,1777461545259.954,11.127,5
18.326,1628,1777461545271.081,11.127,5
18.337,1629,1777461545282.208,11.128,5
18.348,1630,1777461545293.335,11.127,5
18.359,1631,1777461545304.462,11.127,5
18.370,1632,1777461545315.590,11.128,5
18.382,1633,1777461545326.716,11.127,5
18.393,1634,1777461545337.843,11.127,5
18.404,1635,1777461545348.970,11.127,5
18.415,1636,1777461545360.098,11.128,5
18.427,1637,1777461545371.225,11.127,5
18.437,1638,1777461545382.351,11.127,5
18.448,1639,1777461545393.479,11.128,5
18.460,1640,1777461545404.606,11.127,5
18.471,1641,1777461545415.733,11.127,5
18.482,1642,1777461545426.860,11.128,5
18.493,1643,1777461545437.987,11.127,5
18.504,1644,1777461545449.114,11.127,5
18.515,1645,1777461545460.242,11.128,5
18.527,1646,1777461545471.368,11.127,5
18.538,1647,1777461545482.495,11.127,5
18.549,1648,1777461545493.623,11.128,5
18.560,1649,1777461545504.750,11.127,5
18.571,1650,1777461545515.876,11.127,5
18.583,1651,1777461545527.004,11.128,5
18.593,1652,1777461545538.131,11.127,5
18.604,1653,1777461545549.258,11.127,5
18.615,1654,1777461545560.385,11.128,5
18.626,1655,1777461545571.512,11.127,5
18.637,1656,1777461545582.639,11.127,5
18.649,1657,1777461545593.767,11.128,5
18.660,1658,1777461545604.894,11.127,5
18.671,1659,1777461545616.020,11.127,5
18.682,1660,1777461545627.148,11.128,5
18.693,1661,1777461545638.275,11.127,5
18.704,1662,1777461545649.402,11.127,5
18.715,1663,1777461545660.529,11.128,5
18.726,1664,1777461545671.656,11.127,5
18.738,1665,1777461545682.783,11.127,5
18.749,1666,1777461545693.911,11.128,5
18.760,1667,1777461545705.037,11.127,5
18.771,1668,1777461545716.164,11.127,5
18.783,1669,1777461545727.292,11.128,5
18.793,1670,1777461545738.419,11.127,5
18.805,1671,1777461545749.545,11.127,5
18.816,1672,1777461545760.673,11.128,5
18.827,1673,1777461545771.800,11.127,5
18.838,1674,1777461545782.927,11.127,5
18.849,1675,1777461545794.053,11.127,5
18.860,1676,1777461545805.181,11.128,5
18.872,1677,1777461545816.308,11.127,5
18.882,1678,1777461545827.435,11.127,5
18.894,1679,1777461545838.562,11.128,5
18.905,1680,1777461545849.689,11.127,5
18.916,1681,1777461545860.816,11.127,5
18.927,1682,1777461545871.944,11.128,5
18.938,1683,1777461545883.071,11.127,5
18.949,1684,1777461545894.197,11.127,5
18.960,1685,1777461545905.325,11.128,5
18.971,1686,1777461545916.452,11.127,5
18.983,1687,1777461545927.578,11.127,5
18.994,1688,1777461545938.706,11.128,5
19.005,1689,1777461545949.833,11.127,5
19.016,1690,1777461545960.960,11.127,5
19.027,1691,1777461545972.087,11.128,5
19.038,1692,1777461545983.214,11.127,5
19.049,1693,1777461545994.341,11.127,5
19.060,1694,1777461546005.469,11.128,5
19.071,1695,1777461546016.595,11.127,5
19.082,1696,1777461546027.722,11.127,5
19.094,1697,1777461546038.850,11.128,5
19.105,1698,1777461546049.977,11.127,5
19.116,1699,1777461546061.104,11.127,5
19.128,1700,1777461546072.231,11.128,5
19.139,1701,1777461546083.358,11.127,5
19.149,1702,1777461546094.485,11.127,5
19.161,1703,1777461546105.613,11.128,5
19.172,1704,1777461546116.739,11.127,5
19.183,1705,1777461546127.866,11.127,5
19.194,1706,1777461546138.994,11.128,5
19.205,1707,1777461546150.120,11.127,5
19.216,1708,1777461546161.247,11.127,5
19.228,1709,1777461546172.375,11.128,5
19.238,1710,1777461546183.502,11.127,5
19.250,1711,1777461546194.628,11.127,5
19.261,1712,1777461546205.756,11.128,5
19.272,1713,1777461546216.883,11.127,5
19.283,1714,1777461546228.010,11.127,5
19.294,1715,1777461546239.136,11.127,5
19.305,1716,1777461546250.264,11.128,5
19.316,1717,1777461546261.391,11.127,5
19.328,1718,1777461546272.518,11.127,5
19.339,1719,1777461546283.646,11.128,5
19.350,1720,1777461546294.772,11.127,5
19.361,1721,1777461546305.899,11.127,5
19.372,1722,1777461546317.027,11.128,5
19.383,1723,1777461546328.153,11.127,5
19.394,1724,1777461546339.280,11.127,5
19.405,1725,1777461546350.408,11.128,5
19.416,1726,1777461546361.535,11.127,5
19.428,1727,1777461546372.661,11.127,5
19.439,1728,1777461546383.789,11.128,5
19.450,1729,1777461546394.916,11.127,5
19.461,1730,1777461546406.043,11.127,5
19.473,1731,1777461546417.170,11.128,5
19.483,1732,1777461546428.297,11.127,5
19.495,1733,1777461546439.424,11.127,5
19.506,1734,1777461546450.552,11.128,5
19.517,1735,1777461546461.678,11.127,5
19.528,1736,1777461546472.805,11.127,5
19.539,1737,1777461546483.933,11.128,5
19.550,1738,1777461546495.060,11.127,5
19.561,1739,1777461546506.187,11.127,5
19.572,1740,1777461546517.314,11.128,5
19.583,1741,1777461546528.441,11.127,5
19.595,1742,1777461546539.568,11.127,5
19.606,1743,1777461546550.696,11.128,5
19.617,1744,1777461546561.822,11.127,5
19.628,1745,1777461546572.949,11.127,5
19.639,1746,1777461546584.077,11.128,5
19.650,1747,1777461546595.204,11.127,5
19.661,1748,1777461546606.330,11.127,5
19.672,1749,1777461546617.458,11.128,5
19.683,1750,1777461546628.585,11.127,5
19.694,1751,1777461546639.712,11.127,5
19.706,1752,1777461546650.840,11.128,5
19.717,1753,1777461546661.966,11.127,5
19.728,1754,1777461546673.093,11.127,5
19.739,1755,1777461546684.220,11.127,5
19.750,1756,1777461546695.348,11.128,5
19.761,1757,1777461546706.474,11.127,5
19.773,1758,1777461546717.601,11.127,5
19.784,1759,1777461546728.729,11.128,5
19.795,1760,1777461546739.856,11.127,5
19.806,1761,1777461546750.982,11.127,5
19.817,1762,1777461546762.110,11.128,5
19.828,1763,1777461546773.237,11.127,5
19.839,1764,1777461546784.364,11.127,5
19.851,1765,1777461546795.491,11.128,5
19.862,1766,1777461546806.618,11.127,5
19.873,1767,1777461546817.745,11.127,5
19.884,1768,1777461546828.873,11.128,5
19.895,1769,1777461546840.000,11.127,5
19.906,1770,1777461546851.126,11.127,5
19.917,1771,1777461546862.254,11.128,5
19.929,1772,1777461546873.381,11.127,5
19.940,1773,1777461546884.508,11.127,5
19.951,1774,1777461546895.635,11.128,5
19.962,1775,1777461546906.762,11.127,5
19.973,1776,1777461546917.889,11.127,5
19.984,1777,1777461546929.017,11.128,5
19.995,1778,1777461546940.143,11.127,5
20.006,1779,1777461546951.270,11.127,5
20.017,1780,1777461546962.398,11.128,5
20.028,1781,1777461546973.525,11.127,5
20.039,1782,1777461546984.651,11.127,5
20.051,1783,1777461546995.779,11.128,5
20.062,1784,1777461547006.906,11.127,5
20.073,1785,1777461547018.033,11.127,5
20.084,1786,1777461547029.160,11.128,5
20.096,1787,1777461547040.287,11.127,5
20.106,1788,1777461547051.414,11.127,5
20.117,1789,1777461547062.542,11.128,5
20.129,1790,1777461547073.668,11.127,5
20.140,1791,1777461547084.795,11.127,5
20.151,1792,1777461547095.923,11.128,5
20.162,1793,1777461547107.050,11.127,5
20.174,1794,1777461547118.177,11.127,5
20.184,1795,1777461547129.303,11.127,5
20.195,1796,1777461547140.431,11.128,5
20.206,1797,1777461547151.558,11.127,5
20.218,1798,1777461547162.685,11.127,5
20.229,1799,1777461547173.812,11.128,5
20.240,1800,1777461547184.939,11.127,5
20.251,1801,1777461547196.066,11.127,5
20.262,1802,1777461547207.194,11.128,5
20.273,1803,1777461547218.320,11.127,5
20.284,1804,1777461547229.447,11.127,5
20.295,1805,1777461547240.575,11.128,5
20.307,1806,1777461547251.702,11.127,5
20.318,1807,1777461547262.828,11.127,5
20.329,1808,1777461547273.956,11.128,5
20.340,1809,1777461547285.083,11.127,5
20.352,1810,1777461547296.210,11.127,5
20.362,1811,1777461547307.337,11.128,5
20.373,1812,1777461547318.464,11.127,5
20.385,1813,1777461547329.591,11.127,5
20.396,1814,1777461547340.719,11.128,5
20.407,1815,1777461547351.845,11.127,5
20.418,1816,1777461547362.972,11.127,5
20.429,1817,1777461547374.100,11.128,5
20.440,1818,1777461547385.227,11.127,5
20.451,1819,1777461547396.354,11.127,5
20.463,1820,1777461547407.481,11.128,5
20.474,1821,1777461547418.608,11.127,5
20.485,1822,1777461547429.735,11.127,5
20.496,1823,1777461547440.863,11.128,5
20.507,1824,1777461547451.990,11.127,5
20.518,1825,1777461547463.116,11.127,5
20.529,1826,1777461547474.244,11.128,5
20.541,1827,1777461547485.371,11.127,5
20.551,1828,1777461547496.498,11.127,5
20.563,1829,1777461547507.626,11.128,5
20.574,1830,1777461547518.753,11.127,5
20.585,1831,1777461547529.880,11.127,5
20.596,1832,1777461547541.008,11.128,5
20.607,1833,1777461547552.135,11.127,5
20.618,1834,1777461547563.261,11.127,5
20.629,1835,1777461547574.388,11.127,5
20.640,1836,1777461547585.516,11.128,5
20.652,1837,1777461547596.643,11.127,5
20.663,1838,1777461547607.770,11.127,5
20.674,1839,1777461547618.898,11.128,5
20.685,1840,1777461547630.025,11.127,5
20.696,1841,1777461547641.152,11.127,5
20.707,1842,1777461547652.280,11.128,5
20.718,1843,1777461547663.407,11.127,5
20.729,1844,1777461547674.533,11.127,5
20.741,1845,1777461547685.661,11.128,5
20.752,1846,1777461547696.788,11.127,5
20.763,1847,1777461547707.915,11.127,5
20.774,1848,1777461547719.043,11.128,5
20.785,1849,1777461547730.170,11.127,5
20.796,1850,1777461547741.297,11.127,5
20.808,1851,1777461547752.425,11.128,5
20.818,1852,1777461547763.552,11.127,5
20.830,1853,1777461547774.679,11.127,5
20.841,1854,1777461547785.807,11.128,5
20.852,1855,1777461547796.933,11.127,5
20.863,1856,1777461547808.060,11.127,5
20.874,1857,1777461547819.188,11.128,5
20.885,1858,1777461547830.315,11.127,5
20.896,1859,1777461547841.442,11.127,5
20.907,1860,1777461547852.570,11.128,5
20.918,1861,1777461547863.697,11.127,5
20.929,1862,1777461547874.824,11.127,5
20.941,1863,1777461547885.952,11.128,5
20.952,1864,1777461547897.079,11.127,5
20.963,1865,1777461547908.206,11.127,5
20.974,1866,1777461547919.333,11.128,5
20.985,1867,1777461547930.460,11.127,5
20.997,1868,1777461547941.587,11.127,5
21.008,1869,1777461547952.715,11.128,5
21.019,1870,1777461547963.842,11.127,5
21.030,1871,1777461547974.969,11.127,5
21.041,1872,1777461547986.097,11.128,5
21.053,1873,1777461547997.224,11.127,5
21.063,1874,1777461548008.351,11.127,5
21.074,1875,1777461548019.478,11.127,5
21.086,1876,1777461548030.605,11.128,5
21.097,1877,1777461548041.732,11.127,5
21.108,1878,1777461548052.859,11.127,5
21.119,1879,1777461548063.987,11.128,5
21.130,1880,1777461548075.114,11.127,5
21.141,1881,1777461548086.241,11.127,5
21.153,1882,1777461548097.369,11.128,5
21.164,1883,1777461548108.496,11.127,5
21.175,1884,1777461548119.623,11.127,5
21.186,1885,1777461548130.751,11.128,5
21.197,1886,1777461548141.878,11.127,5
21.208,1887,1777461548153.005,11.127,5
21.219,1888,1777461548164.132,11.128,5
21.230,1889,1777461548175.259,11.127,5
21.241,1890,1777461548186.386,11.127,5
21.253,1891,1777461548197.514,11.128,5
21.264,1892,1777461548208.641,11.127,5
21.275,1893,1777461548219.768,11.127,5
21.286,1894,1777461548230.896,11.128,5
21.297,1895,1777461548242.023,11.127,5
21.308,1896,1777461548253.150,11.127,5
21.319,1897,1777461548264.278,11.128,5
21.331,1898,1777461548275.405,11.127,5
21.342,1899,1777461548286.531,11.127,5
21.364,1901,1777461548308.786,22.255,6
21.375,1902,1777461548319.913,11.127,6
21.386,1903,1777461548331.041,11.128,6
21.397,1904,1777461548342.168,11.127,6
21.408,1905,1777461548353.295,11.127,6
21.420,1906,1777461548364.423,11.128,6
21.431,1907,1777461548375.550,11.127,6
21.442,1908,1777461548386.677,11.127,6
21.453,1909,1777461548397.805,11.128,6
21.464,1910,1777461548408.932,11.127,6
21.475,1911,1777461548420.059,11.127,6
21.486,1912,1777461548431.186,11.128,6
21.497,1913,1777461548442.313,11.127,6
21.508,1914,1777461548453.441,11.127,6
21.519,1915,1777461548464.568,11.127,6
21.531,1916,1777461548475.696,11.128,6
21.542,1917,1777461548486.823,11.127,6
21.553,1918,1777461548497.950,11.127,6
21.564,1919,1777461548509.079,11.128,6
21.575,1920,1777461548520.206,11.127,6
21.586,1921,1777461548531.333,11.127,6
21.597,1922,1777461548542.461,11.128,6
21.609,1923,1777461548553.588,11.127,6
21.620,1924,1777461548564.715,11.127,6
21.631,1925,1777461548575.844,11.128,6
21.642,1926,1777461548586.971,11.127,6
21.653,1927,1777461548598.098,11.127,6
21.664,1928,1777461548609.226,11.128,6
21.675,1929,1777461548620.353,11.127,6
21.686,1930,1777461548631.480,11.127,6
21.698,1931,1777461548642.609,11.128,6
21.709,1932,1777461548653.736,11.127,6
21.720,1933,1777461548664.863,11.127,6
21.731,1934,1777461548675.991,11.128,6
21.742,1935,1777461548687.118,11.127,6
21.753,1936,1777461548698.246,11.127,6
21.765,1937,1777461548709.374,11.128,6
21.776,1938,1777461548720.501,11.127,6
21.787,1939,1777461548731.628,11.127,6
21.798,1940,1777461548742.756,11.128,6
21.809,1941,1777461548753.883,11.127,6
21.820,1942,1777461548765.010,11.127,6
21.831,1943,1777461548776.139,11.128,6
21.842,1944,1777461548787.266,11.127,6
21.853,1945,1777461548798.393,11.127,6
21.864,1946,1777461548809.521,11.128,6
21.876,1947,1777461548820.649,11.127,6
21.887,1948,1777461548831.776,11.127,6
21.898,1949,1777461548842.904,11.128,6
21.909,1950,1777461548854.031,11.127,6
21.920,1951,1777461548865.158,11.127,6
21.931,1952,1777461548876.287,11.128,6
21.942,1953,1777461548887.414,11.127,6
21.953,1954,1777461548898.541,11.127,6
21.964,1955,1777461548909.668,11.127,6
21.976,1956,1777461548920.796,11.128,6
21.987,1957,1777461548931.924,11.127,6
21.998,1958,1777461548943.051,11.127,6
22.009,1959,1777461548954.179,11.128,6
22.020,1960,1777461548965.306,11.127,6
22.031,1961,1777461548976.433,11.127,6
22.042,1962,1777461548987.562,11.128,6
22.053,1963,1777461548998.689,11.127,6
22.064,1964,1777461549009.816,11.127,6
22.076,1965,1777461549020.944,11.128,6
22.087,1966,1777461549032.072,11.127,6
22.098,1967,1777461549043.199,11.127,6
22.109,1968,1777461549054.327,11.128,6
22.120,1969,1777461549065.454,11.127,6
22.132,1970,1777461549076.581,11.127,6
22.142,1971,1777461549087.709,11.128,6
22.154,1972,1777461549098.837,11.127,6
22.165,1973,1777461549109.964,11.127,6
22.176,1974,1777461549121.092,11.128,6
22.187,1975,1777461549132.219,11.127,6
22.198,1976,1777461549143.347,11.127,6
22.209,1977,1777461549154.475,11.128,6
22.220,1978,1777461549165.602,11.127,6
22.231,1979,1777461549176.729,11.127,6
22.243,1980,1777461549187.857,11.128,6
22.254,1981,1777461549198.985,11.127,6
22.265,1982,1777461549210.112,11.127,6
22.276,1983,1777461549221.240,11.128,6
22.287,1984,1777461549232.367,11.127,6
22.298,1985,1777461549243.495,11.127,6
22.309,1986,1777461549254.623,11.128,6
22.320,1987,1777461549265.750,11.127,6
22.331,1988,1777461549276.877,11.127,6
22.343,1989,1777461549288.006,11.128,6
22.354,1990,1777461549299.133,11.127,6
22.365,1991,1777461549310.260,11.127,6
22.376,1992,1777461549321.388,11.128,6
22.387,1993,1777461549332.515,11.127,6
22.398,1994,1777461549343.643,11.127,6
22.409,1995,1777461549354.770,11.127,6
22.421,1996,1777461549365.898,11.128,6
22.432,1997,1777461549377.025,11.127,6
22.443,1998,1777461549388.153,11.127,6
22.454,1999,1777461549399.281,11.128,6
22.465,2000,1777461549410.408,11.127,6
22.476,2001,1777461549421.535,11.127,6
22.487,2002,1777461549432.664,11.128,6
22.499,2003,1777461549443.790,11.127,6
22.510,2004,1777461549454.917,11.127,6
22.521,2005,1777461549466.045,11.128,6
22.532,2006,1777461549477.172,11.127,6
22.543,2007,1777461549488.298,11.127,6
22.554,2008,1777461549499.426,11.128,6
22.565,2009,1777461549510.553,11.127,6
22.576,2010,1777461549521.680,11.127,6
22.587,2011,1777461549532.808,11.128,6
22.599,2012,1777461549543.934,11.127,6
22.610,2013,1777461549555.061,11.127,6
22.621,2014,1777461549566.189,11.128,6
22.632,2015,1777461549577.316,11.127,6
22.643,2016,1777461549588.442,11.127,6
22.654,2017,1777461549599.570,11.128,6
22.665,2018,1777461549610.697,11.127,6
22.677,2019,1777461549621.824,11.127,6
22.688,2020,1777461549632.951,11.128,6
22.699,2021,1777461549644.078,11.127,6
22.710,2022,1777461549655.205,11.127,6
22.721,2023,1777461549666.333,11.128,6
22.732,2024,1777461549677.459,11.127,6
22.743,2025,1777461549688.586,11.127,6
22.754,2026,1777461549699.714,11.128,6
22.766,2027,1777461549710.841,11.127,6
22.777,2028,1777461549721.968,11.127,6
22.788,2029,1777461549733.095,11.128,6
22.799,2030,1777461549744.222,11.127,6
22.810,2031,1777461549755.349,11.127,6
22.821,2032,1777461549766.477,11.128,6
22.832,2033,1777461549777.604,11.127,6
22.843,2034,1777461549788.730,11.127,6
22.855,2035,1777461549799.857,11.127,6
22.866,2036,1777461549810.985,11.128,6
22.877,2037,1777461549822.112,11.127,6
22.888,2038,1777461549833.238,11.127,6
22.899,2039,1777461549844.366,11.128,6
22.910,2040,1777461549855.493,11.127,6
22.921,2041,1777461549866.620,11.127,6
22.932,2042,1777461549877.747,11.128,6
22.944,2043,1777461549888.874,11.127,6
22.955,2044,1777461549900.001,11.127,6
22.966,2045,1777461549911.129,11.128,6
22.977,2046,1777461549922.255,11.127,6
22.988,2047,1777461549933.382,11.127,6
22.999,2048,1777461549944.510,11.128,6
23.011,2049,1777461549955.637,11.127,6
23.021,2050,1777461549966.763,11.127,6
23.033,2051,1777461549977.891,11.128,6
23.044,2052,1777461549989.018,11.127,6
23.055,2053,1777461550000.145,11.127,6
23.066,2054,1777461550011.272,11.128,6
23.078,2055,1777461550022.399,11.127,6
23.088,2056,1777461550033.526,11.127,6
23.100,2057,1777461550044.654,11.128,6
23.111,2058,1777461550055.781,11.127,6
23.122,2059,1777461550066.907,11.127,6
23.133,2060,1777461550078.035,11.128,6
23.144,2061,1777461550089.162,11.127,6
23.156,2062,1777461550100.289,11.127,6
23.166,2063,1777461550111.416,11.128,6
23.178,2064,1777461550122.543,11.127,6
23.188,2065,1777461550133.670,11.127,6
23.199,2066,1777461550144.798,11.128,6
23.211,2067,1777461550155.924,11.127,6
23.222,2068,1777461550167.051,11.127,6
23.233,2069,1777461550178.179,11.128,6
23.244,2070,1777461550189.306,11.127,6
23.255,2071,1777461550200.432,11.127,6
23.266,2072,1777461550211.560,11.128,6
23.277,2073,1777461550222.687,11.127,6
23.289,2074,1777461550233.814,11.127,6
23.300,2075,1777461550244.941,11.128,6
23.311,2076,1777461550256.068,11.127,6
23.322,2077,1777461550267.195,11.127,6
23.333,2078,1777461550278.322,11.127,6
23.344,2079,1777461550289.449,11.128,6
23.356,2080,1777461550300.576,11.127,6
23.366,2081,1777461550311.703,11.127,6
23.378,2082,1777461550322.831,11.128,6
23.389,2083,1777461550333.958,11.127,6
23.400,2084,1777461550345.084,11.127,6
23.411,2085,1777461550356.212,11.128,6
23.422,2086,1777461550367.339,11.127,6
23.433,2087,1777461550378.466,11.127,6
23.444,2088,1777461550389.593,11.128,6
23.455,2089,1777461550400.720,11.127,6
23.467,2090,1777461550411.847,11.127,6
23.478,2091,1777461550422.975,11.128,6
23.489,2092,1777461550434.101,11.127,6
23.500,2093,1777461550445.228,11.126,6
23.511,2094,1777461550456.355,11.128,6
23.522,2095,1777461550467.482,11.126,6
23.533,2096,1777461550478.608,11.126,6
23.545,2097,1777461550489.736,11.128,6
23.556,2098,1777461550500.863,11.126,6
23.567,2099,1777461550511.989,11.126,6
23.578,2100,1777461550523.117,11.128,6
23.589,2101,1777461550534.243,11.126,6
23.600,2102,1777461550545.370,11.126,6
23.612,2103,1777461550556.497,11.128,6
23.623,2104,1777461550567.624,11.126,6
23.634,2105,1777461550578.750,11.126,6
23.645,2106,1777461550589.878,11.128,6
23.656,2107,1777461550601.004,11.126,6
23.667,2108,1777461550612.131,11.126,6
23.678,2109,1777461550623.259,11.128,6
23.689,2110,1777461550634.385,11.126,6
23.700,2111,1777461550645.511,11.126,6
23.712,2112,1777461550656.639,11.128,6
23.723,2113,1777461550667.766,11.126,6
23.734,2114,1777461550678.892,11.126,6
23.745,2115,1777461550690.019,11.127,6
23.756,2116,1777461550701.146,11.127,6
23.767,2117,1777461550712.273,11.126,6
23.778,2118,1777461550723.399,11.126,6
23.789,2119,1777461550734.527,11.128,6
23.801,2120,1777461550745.653,11.126,6
23.812,2121,1777461550756.780,11.126,6
23.823,2122,1777461550767.907,11.128,6
23.834,2123,1777461550779.034,11.126,6
23.845,2124,1777461550790.160,11.126,6
23.856,2125,1777461550801.288,11.128,6
23.867,2126,1777461550812.415,11.126,6
23.879,2127,1777461550823.541,11.126,6
23.890,2128,1777461550834.668,11.127,6
23.901,2129,1777461550845.795,11.127,6
23.912,2130,1777461550856.922,11.126,6
23.923,2131,1777461550868.049,11.127,6
23.935,2132,1777461550879.176,11.126,6
23.945,2133,1777461550890.302,11.127,6
23.957,2134,1777461550901.430,11.127,6
23.968,2135,1777461550912.556,11.126,6
23.979,2136,1777461550923.683,11.126,6
23.990,2137,1777461550934.810,11.128,6
24.001,2138,1777461550945.937,11.126,6
24.012,2139,1777461550957.063,11.126,6
24.023,2140,1777461550968.191,11.128,6
24.034,2141,1777461550979.317,11.126,6
24.045,2142,1777461550990.444,11.126,6
24.056,2143,1777461551001.571,11.127,6
24.068,2144,1777461551012.698,11.127,6
24.079,2145,1777461551023.824,11.126,6
24.090,2146,1777461551034.952,11.127,6
24.101,2147,1777461551046.078,11.126,6
24.112,2148,1777461551057.205,11.126,6
24.123,2149,1777461551068.333,11.128,6
24.135,2150,1777461551079.459,11.126,6
24.146,2151,1777461551090.585,11.126,6
24.157,2152,1777461551101.713,11.127,6
24.168,2153,1777461551112.840,11.127,6
24.179,2154,1777461551123.966,11.126,6
24.190,2155,1777461551135.093,11.126,6
24.201,2156,1777461551146.220,11.127,6
24.213,2157,1777461551157.346,11.126,6
24.224,2158,1777461551168.473,11.127,6
24.234,2159,1777461551179.601,11.127,6
24.245,2160,1777461551190.727,11.126,6
24.257,2161,1777461551201.854,11.126,6
24.268,2162,1777461551212.981,11.128,6
24.279,2163,1777461551224.108,11.126,6
24.290,2164,1777461551235.234,11.126,6
24.301,2165,1777461551246.362,11.127,6
24.313,2166,1777461551257.488,11.126,6
24.324,2167,1777461551268.615,11.126,6
24.335,2168,1777461551279.742,11.128,6
24.346,2169,1777461551290.869,11.126,6
24.357,2170,1777461551301.995,11.126,6
24.368,2171,1777461551313.123,11.127,6
24.379,2172,1777461551324.249,11.126,6
24.390,2173,1777461551335.376,11.127,6
24.402,2174,1777461551346.503,11.127,6
24.412,2175,1777461551357.630,11.126,6
24.424,2176,1777461551368.756,11.126,6
24.435,2177,1777461551379.884,11.127,6
24.446,2178,1777461551391.010,11.127,6
24.457,2179,1777461551402.137,11.126,6
24.468,2180,1777461551413.264,11.127,6
24.479,2181,1777461551424.391,11.126,6
24.490,2182,1777461551435.517,11.126,6
24.501,2183,1777461551446.645,11.127,6
24.512,2184,1777461551457.771,11.126,6
24.524,2185,1777461551468.897,11.126,6
24.535,2186,1777461551480.025,11.127,6
24.547,2187,1777461551491.151,11.126,6
24.557,2188,1777461551502.277,11.126,6
24.568,2189,1777461551513.405,11.127,6
24.579,2190,1777461551524.531,11.126,6
24.591,2191,1777461551535.657,11.126,6
24.602,2192,1777461551546.785,11.127,6
24.613,2193,1777461551557.911,11.126,6
24.624,2194,1777461551569.038,11.126,6
24.635,2195,1777461551580.164,11.126,6
24.646,2196,1777461551591.291,11.127,6
24.657,2197,1777461551602.417,11.126,6
24.668,2198,1777461551613.544,11.126,6
24.680,2199,1777461551624.671,11.127,6
24.691,2200,1777461551635.798,11.126,6
24.702,2201,1777461551646.924,11.126,6
24.713,2202,1777461551658.051,11.127,6
24.724,2203,1777461551669.178,11.126,6
24.735,2204,1777461551680.304,11.126,6
24.746,2205,1777461551691.431,11.127,6
24.757,2206,1777461551702.558,11.126,6
24.769,2207,1777461551713.684,11.126,6
24.780,2208,1777461551724.811,11.127,6
24.791,2209,1777461551735.938,11.126,6
24.802,2210,1777461551747.064,11.126,6
24.813,2211,1777461551758.191,11.127,6
24.824,2212,1777461551769.318,11.126,6
24.835,2213,1777461551780.444,11.126,6
24.846,2214,1777461551791.572,11.127,6
24.858,2215,1777461551802.698,11.126,6
24.869,2216,1777461551813.824,11.126,6
24.880,2217,1777461551824.951,11.127,6
24.891,2218,1777461551836.078,11.126,6
24.902,2219,1777461551847.204,11.126,6
24.913,2220,1777461551858.332,11.127,6
24.924,2221,1777461551869.458,11.126,6
24.935,2222,1777461551880.584,11.126,6
24.947,2223,1777461551891.711,11.127,6
24.958,2224,1777461551902.838,11.126,6
24.969,2225,1777461551913.964,11.126,6
24.980,2226,1777461551925.092,11.127,6
24.992,2227,1777461551936.218,11.126,6
25.002,2228,1777461551947.344,11.126,6
